algorithm,date,day,exam,overflow_students,priority,room,room capacity,room_id,slot_id,status,student ids,students in room,time,total students
greedy,2025-05-31,Saturday,HUMA001/101 (Room),201,high,1,33,1,0,scheduled,18100594+19100645+202002095+221000268+231000057+231001282+231001424+231001880+231002054+231002055+241001077+241001097+241001335+241001631+241001777+241001788+241001800+241001978+241002043+241002044+241002051+241002073+241002092+241002526+1610630+221001801+221001932+221002201+231000568+231000613+231001484+231001653+241000025,33,08:00-10:00,234
greedy,2025-05-31,Saturday,MATH102,0,normal,104,65,104,0,scheduled,202000579+202001715+221001724+221001892+221001944+221002059+221002131+231000384+231000843+231001211+231001347+231001670+231001678+231001748+231001758+231002006+231002040+231002094+231002342+231002599+231002657+231002744+241000425+241002017+241002087+242000011+251000053+251000109+251000188+251000247+251000293+251000297+251000309+251000310+251000464+251000539+251000586+251000817+251000918+251000939+251000970+251001009+251001264+251001268+251001280+251001322+251001404+251001553+251001608+251001872+251002053+251002146+251002173+251002244+251002287+251002425+251002599+251002626+251002644+251002680+251002765+251002783+251002865+251002973,64,08:00-10:00,64
greedy,2025-05-31,Saturday,MNG223,30,normal,106,64,106,0,scheduled,241000469+241000593+241000615+241000657+241000793+241000887+241000990+241001046+241001135+241001171+241001172+241001174+241001300+241001430+241001461+241001509+241001519+241001702+241001838+241001934+241001991+241002039+241002084+241001059+241001098+241001103+241001125+241001187+241001212+241001246+241001263+241001265+241001286+241001288+241001324+241001381+241001452+241001502+241001575+241001576+241001635+241001644+241001687+241001757+241001760+241001773+241001833+241001884+241001933+241001949+241001950+241001973+241001985+241001990+241001997+241002016+241002356+241002370+241002397+241002627+231000052+231002106+241000157+241000206,64,08:00-10:00,94
greedy,2025-05-31,Saturday,MATH204,42,normal,110,62,110,0,scheduled,19100338+211001806+211002065+211002071+221000202+221000720+221001066+221001516+221001773+221001841+221001845+221001883+221001888+221001902+221001910+221001922+221001952+221001955+221002134+221002162+222000072+231000201+231000779+231001220+231001684+231002015+231002049+231002258+241000075+241000377+241001061+241001189+241001308+241001456+241001469+241001506+241001648+241001653+241001660+241001799+241001920+241001929+241002353+241002412+241002470+241002498+241002507+241002516+241002565+221000583+221001273+221001282+221001597+221001655+221001734+221001749+221001760+221001874+221001880+221001966+221001990+222000159,62,08:00-10:00,104
greedy,2025-05-31,Saturday,OPMG405,0,normal,111,66,111,0,scheduled,19105734+202002391+202002644+202002992+211001502+221000122+221000422+221000748+221000762+221002020+231000913+231001177+231001716+231001938+231002337+231002439+231002473+241001744,18,08:00-10:00,18
greedy,2025-05-31,Saturday,AIS421,0,normal,114,63,114,0,scheduled,221000424+221000432+221000570+221000645+221000681+221000728+221000744+221000759+221000770+221000828+221000832+221000927+221001050+221001055+221001099+221001133+221001237+211000093+211000633+211001524+211001783+211001892+221000002+221000024+221000062+221000072+221000086+221000117+221000123+221000142+221000147+221000166+221000318+221000347+221000410+221001421+221001470+221001493+221001520+221001524+221001554+221001565+221001592+221001646+221001647+221001701+221001704+221001792+221001815+221001882+221002051+231001426,52,08:00-10:00,52
greedy,2025-05-31,Saturday,CVL451,0,normal,116,66,116,0,scheduled,211001942+212002435+221000377+231000002+231000355+231000476+231000667+231000796+231001062+231002091+231002721+241000176+241000397+241000649+241001591+251001999,16,08:00-10:00,16
greedy,2025-05-31,Saturday,ECEN465,0,normal,129,68,129,0,scheduled,19105801+202000072+202001153+211000194+211000312+211000437+211000706+211000964+211001192+211001743+221000275+221000379+221000533+221000656+221000685+221000850+221000856+221001579+221001740+221001795+221002221,21,08:00-10:00,21
greedy,2025-05-31,Saturday,CSC103,223,high,132,65,132,0,scheduled,251000447+251000547+251000761+251000888+251000889+251000904+251000920+251001085+251001091+251001139+251001144+251001151+251001166+251001215+251001253+251001343+251001505+251001511+251001517+251001551+251001556+251001565+251001325+251001363+251001453+251001461+251001487+251001509+251001569+251001578+251001579+251001580+251001584+251001670+251001671+251001830+251001833+251001905+251001931+251001938+251001940+251001958+251001972+251001987+251001607+251001621+251001677+251001690+251001719+251001865+251001883+251001913+251001917+251001924+251001932+251001961+251002158+251002166+251002237+251002253+251002314+251002332+251002370+251002400+251002502,65,08:00-10:00,288
greedy,2025-05-31,Saturday,MNG386,0,normal,134,66,134,0,scheduled,211001830+221001686+221002233+231000269+231001632+231001847+231001910,7,08:00-10:00,7
greedy,2025-05-31,Saturday,ARC262,0,normal,138,64,138,0,scheduled,1710883+221000084+221002008+231000044+231000530+231000645+231001289+241000044+241000064+241000073+241000113+241000194+241000272+241000317+241000376+241000586+241000602+241000636+241000641+241000662+241000801+241000819+241000883+241001134+241001273+241001278+241001629+241001947+241002157+241002175+241002210+241002281+241002327+241002528+241002593+241002622,36,08:00-10:00,36
greedy,2025-05-31,Saturday,CVL313,0,normal,139,66,139,0,scheduled,1710909+18101487+202001155+202002167+221001750,5,08:00-10:00,5
greedy,2025-05-31,Saturday,ECEN449,0,normal,142,66,142,0,scheduled,1710382+211000699+212002283,3,08:00-10:00,3
greedy,2025-05-31,Saturday,MNG335,10,normal,264,35,264,0,scheduled,231001357+231001566+231001569+231001589+231001667+231001672+231001732+231001757+231001801+231001816+231001865+231001881+231001903+231001913+231001990+231001997+231002076+231002095+231002196+231002232+231002257+231002357+1720040+221001640+231000031+231000083+231000097+231000138+231000326+231000327+231000473+231000531+231000710+231000724+231000799,35,08:00-10:00,45
greedy,2025-05-31,Saturday,ARC363,0,normal,265,35,265,0,scheduled,221000240+231000011+231000030+231000110+231000139+231000223+231000312+231000337+231000340+231000365+231000516+231000883+231001576+231002016+231002328+231002370+231002387,17,08:00-10:00,17
greedy,2025-05-31,Saturday,MICR303,0,normal,306,68,306,0,scheduled,221000417+221000545+221000836+221000906+221001140+221001278+221001396+221001731+221001804+221001876+221001928,11,08:00-10:00,11
greedy,2025-05-31,Saturday,IENG421,0,normal,307,65,307,0,scheduled,221000209,1,08:00-10:00,1
greedy,2025-05-31,Saturday,ARUD478,0,normal,316,50,316,0,scheduled,1710696+202000142+202000390+202000709+211000033+211000065+211000070+211000124+211000144+211000184+211000364+211000374+211000403+211000643+211000646+211000778+211001755+211001871+211002128,19,08:00-10:00,19
greedy,2025-05-31,Saturday,ECE315,90,normal,52,33,52,0,scheduled,211001131+231000075+231000157+231000163+231000258+231000314+231000352+231000360+231000474+231000508+231000560+231000576+231000583+231000591+231000600+231000626+231000722+231000730+231000758+231000789+231000814+231000817+231000845+231000870+231000979+231000991+231001069+231001070+231001109+231001125+231001233+231001298+231001428,33,08:00-10:00,123
greedy,2025-05-31,Saturday,BSAD420,0,normal,53,33,53,0,scheduled,19106361+202000195+202000870+202002486+221000029+221000497+221000522+221000675+221000724+221000924+221001537+221001670+221001978+221002109+222000013+231000149+231000811+231001764+231001918+231001975+231001991,21,08:00-10:00,21
greedy,2025-05-31,Saturday,HUMA001/101 (Computer Lab),12,normal,7,33,7,0,scheduled,202001860+212002399+222000017+231000369+231001373+231001397+231001591+231001624+231002728+241000037+241000131+241000282+241000349+241000439+241000739+241000932+241001072+241001075+241001105+241001199+241001346+241001476+241001713+241001958+241002310+241002481+241002687+241002692+211001466+211001937+211001949+212002332+221000096,33,08:00-10:00,45
greedy,2025-05-31,Saturday,MEC111,109,normal,8,33,8,0,scheduled,211000560+221001710+221001763+221002041+222000018+222000131+231001377+231001386+231001964+231001966+241000012+241000079+241000107+241000346+241000393+241000559+241000799+241000815+241000833+241000849+241001320+241002152+241002635+251000041+251000043+251000079+251000093+251000116+251000133+251000160+251000174+251000218+251000228,33,08:00-10:00,142
greedy,2025-05-31,Saturday,IND325,9,normal,9,33,9,0,scheduled,231000009+231000409+231001495+231001606+231001845+231002052+231002109+232000005+241000053+241000132+241000164+241000247+241000258+241000265+241000722+241001243+241001526+241001679+241001826+241001993+241002615+1610387+19100320+19100478+202000084+202000548+202002652+211000122+211001020+211001963+221000016+221000037+221000224,33,08:00-10:00,42
greedy,2025-05-31,Saturday,SSCI102,111,normal,1,33,1,1,scheduled,18102520+19100361+19200031+202000665+202001162+211000449+211001998+211002067+221000056+221000089+221000268+221000447+221000682+221000762+221000837+221000895+221000960+221001001+221001124+221001153+221001496+221001540+221001700+221001801+221001896+221001938+221002144+222000058+222000062+231000016+231000057+231000076+231000133,33,10:00-12:00,144
greedy,2025-05-31,Saturday,MNG271,21,normal,104,65,104,1,scheduled,241001103+241001125+241001172+241001174+241001212+241001263+241001286+241001324+241001430+241001452+241001509+241001519+241001575+241001635+241001647+241001757+241001760+241001833+241001838+241001884+241001934+241001949+241001973+241001990+241001991+241001997+241002016+241002037+241002070+241002084+241002356+241002370+241002397+241002627+251001762+202001189+222000131+231000286+241000235+241000335+241000409+241000466+241000615+241000793+241000945+241001059+241001098+241001135+241001171+241001187+241001246+241001265+241001288+241001381+241001461+241001502+241001576+241001644+241001687+241001702+241001773+241001950+241001985+241002039+1711001,65,10:00-12:00,86
greedy,2025-05-31,Saturday,CSCE101B,0,normal,106,64,106,1,scheduled,202000441+211001101+221000691+231000159+231000617+231002108+231002518+241001623+241002454+241002543+251000068+251000097+251000135+251000238+251000265+251000338+251000353+251000402+251000432+251000438+251000484+251000634+251000776+251000791+251000908+251001113+251001752+251001810+251001953+251002112+251002276+251002383+251002397+251002464+251002609+251002623+251002631+251002681+251002751+251002817+251002824+251002986+252000010+252000012+252000025,45,10:00-12:00,45
greedy,2025-05-31,Saturday,IND212,0,normal,110,62,110,1,scheduled,202000080+211001020+221000016+221000476+221001671+221002056+231000009+231001386+231001962+231002532+241000053+241000258+241000265+241000722+241000824+241000881+241000980+241001136+241001540+241001679+241001993+251002735,22,10:00-12:00,22
greedy,2025-05-31,Saturday,CVL441,0,normal,111,66,111,1,scheduled,19100615+202002167+202003118+211000235+212002435+231000002+231000355+231000476+231000667+231000796+231001062,11,10:00-12:00,11
greedy,2025-05-31,Saturday,MATH303,0,normal,114,63,114,1,scheduled,221001244+221001465+221002092+231000012+231000065+231000273+231000625+231000634+231000678+231000685+231000899+231000936+231001015+231001039+231001081+231001089+231001118+231001170+231001194+231001223+231001229+231001259+231001280+231001311+231001343+231001352+231001526+231001599+231001620+231001650+231001654+231001706+231001708+231001747+231001796+231001822+231001934+231002009+231002054+231002150+231002243,41,10:00-12:00,41
greedy,2025-05-31,Saturday,FINC302,0,normal,116,66,116,1,scheduled,231001121+231001543+231001680+231001716+231001782+231001896+231001922+231001991+231002158+231002207+231002264+231002298+231002304+231002350+231002376+231002410+241001213+211000023+211000709+211001842+221000485+221000860+221001718+221001998+221002026+222000082+231000013+231000025+231000106+231000160+231000328+231000791+231000965+231001035+231001058,35,10:00-12:00,35
greedy,2025-05-31,Saturday,MATH121,136,high,129,68,129,1,scheduled,251000015+251000025+251000078+251000211+251000378+251000448+251000604+251000671+251000755+251000797+251000884+251001117+251001279+251001350+251001505+251001541+251001634+251001671+251001753+251001886+251001918+251001936+251001993+251001997+251002016+251002048+251002066+251002148+251002185+251002273+251002292+251002305+251002316+251002317+251002349+251002371+251002423+251002438+251002462+251002474+251002501+251002509+251002588+251002608+251002675+251002720+251002775+251002795+251002847+251002920+251002937+251003004+251000018+251000038+251000072+251000077+251000106+251000232+251000344+251000345+251000391+251000452+251000494+251000526+251000749+251000790+251000798+251000828,68,10:00-12:00,204
greedy,2025-05-31,Saturday,ARUD356/CVL317,0,normal,132,65,132,1,scheduled,221002199+231000011+231000030+231000110+231000223+231000312+231000337+231000340+231000365+231000516+231000530+231000883+231001289+231001576+231002016+231002328+231002370+231002387+202000161+202000709+211000045+211001617+221000061+221000096+221000145+221000192+221000203+221000240+221000396+221001206+221001252+221001276+221001298+221001566+221001596+221001729+221001800,37,10:00-12:00,37
greedy,2025-05-31,Saturday,CVL321,0,normal,134,66,134,1,scheduled,211000560+231001377+231002091+241000176+241000397+241000649+241000735+241000737+241001591+241002252,10,10:00-12:00,10
greedy,2025-05-31,Saturday,MATH111I,0,normal,138,64,138,1,scheduled,221001063+231001085+241000021+241001349+241001659+241001921+241002560,7,10:00-12:00,7
greedy,2025-05-31,Saturday,CVL213,0,normal,139,66,139,1,scheduled,241000662+241000801+241000819+241000889+241001134+241001273+241001278+241001947+241002157+241002175+241002210+241002281+241002622+221000084+231000139+231000645+241000044+241000064+241000073+241000194+241000272+241000317+241000376+241000586+241000602+241000636+241000641,27,10:00-12:00,27
greedy,2025-05-31,Saturday,FINC307,0,normal,142,66,142,1,scheduled,211001883+221000018+221000131+221000312+221000649+221000679+221000743+221000823+221001014+221001031+221001092+221001258+221001333+221001473+221001538+221001722+221001940+221002022+222000012,19,10:00-12:00,19
greedy,2025-05-31,Saturday,IENG315,0,normal,264,35,264,1,scheduled,202000580+202001887+202002999+211001131+211002233+221000074+221000745+221002263,8,10:00-12:00,8
greedy,2025-05-31,Saturday,MNG484,0,normal,265,35,265,1,scheduled,211001830+221001686+221002233+231000269+231001910,5,10:00-12:00,5
greedy,2025-05-31,Saturday,IND331,0,normal,306,68,306,1,scheduled,231000409+231001495+231001606+231001845+231002052+232000005,6,10:00-12:00,6
greedy,2025-05-31,Saturday,MATH122,47,normal,307,65,307,1,scheduled,251001391+251001397+251001452+251001481+251001567+251001625+251001651+251001930+251001940+251001947+251001981+251002144+251002309+251002417+251002432+251002530+251002627+251002738+251002977+251000118+251000169+251000299+251000145+251000294+251000387+251000433+251000496+251000503+251000513+251000887+251000956+251001325+251001465+251001493+251001544+251001775+251001916+251001948+251002227+251002304+251002491+251002547+251002763+251000057+251000060+251000138+251000139+251000177+251000289+251000341+251000473+251000492+251000520+251000531+251000595+251000600+251000665+251000769+251001011+251001039+251001061+251001110+251001156+251001179+251001201,65,10:00-12:00,112
greedy,2025-05-31,Saturday,MNG336,0,normal,316,50,316,1,scheduled,221001640+231000031+231000083+231000097+231000138+231000326+231000327+231000473+231000531+231000710+231000724+231000799+231000884+231000949+231000971+231000987+231001011+231001076+231001078+231001145+231001201+231001205+231001357+231001566+231001569+231001589+231001667+231001672+231001732+231001757+231001801+231001816+231001865+231001881+231001903+231001913+231001990+231001997+231002076+231002095+231002196+231002232+231002257+231002357,44,10:00-12:00,44
greedy,2025-05-31,Saturday,ECON308,0,normal,333,66,333,1,scheduled,221000924,1,10:00-12:00,1
greedy,2025-05-31,Saturday,CBIO204,52,normal,52,33,52,1,scheduled,221001727+221001749+221001861+221001880+221001910+221002131+231000843+231001347+231001933+241000023+241000394+241000425+241000534+241000853+241000888+241000988+241001070+241001107+241001145+241001200+241001251+19100338+211000907+211001615+211002031+211002032+222000063+231000068+231000288+231001897+231002245+231002256+241000075,33,10:00-12:00,85
greedy,2025-05-31,Saturday,AIS323,45,normal,53,33,53,1,scheduled,211000590+211002132+221000166+221000267+221000289+221000348+231000010+231000033+231000095+231000107+231000114+231000119+231000222+231000281+231000491+231000573+231000729+231000764+231000765+231000774+231000834+231000941+231000993+231001984+211000075+211001466+211002194+212002407+221000019+221000728+221001133+221001265+222000008,33,10:00-12:00,78
greedy,2025-05-31,Saturday,MTH113,385,high,7,33,7,1,scheduled,251000304+251000313+251000324+251000328+251000393+251000429+251000534+251000663+251000754+251000816+251000836+251000855+251000858+251000871+251000892+251000936+251001111+251001297+251001329+251001349+251001390+251001396+251001436+251000382+251000390+251000415+251000541+251000629+251000946+251000964+251001246+251001247+251001333,33,10:00-12:00,418
greedy,2025-05-31,Saturday,ECE338,131,high,8,33,8,1,scheduled,19105801+202000444+202001153+202001328+211000107+211000194+211000312+211000706+211000964+211001073+211001192+211001743+221000379+221000556+221001408+221002221+231000259+231000270+231000352+231000360+231000474+231000560+231000576+231000577+231000583+231000600+231000722+231000730+231000758+231000814+231000845+231000991+231001032,33,10:00-12:00,164
greedy,2025-05-31,Saturday,MATH201,98,normal,9,33,9,1,scheduled,19105218+202000623+202001377+202001888+202001918+211000749+211001087+221000968+221001058+221001410+221001682+221001865+221001974+231000041+231000291+231000582+231000866+231000875+231001124+231001217+231001263+231001550+231001661+231001961+241000078+241000282+241000339+241000340+241000349+241000428+241000482+241000507+241000658,33,10:00-12:00,131
greedy,2025-05-31,Saturday,HUMA102,144,high,1,33,1,2,scheduled,222000058+222000071+231000029+231000713+231001117+231001462+231001502+231001525+231001577+231002350+241000093+241000221+241000299+241000436+241001087+241001471+241001567+241001674+241001682+241001777+241002154+221000979+221000993+221001131+221001699+231000615+231000943+231001098+231001242+231001737+241000078+241000192+241000336,33,12:00-14:00,177
greedy,2025-05-31,Saturday,ECE355,22,normal,104,65,104,2,scheduled,202002627+231000157+231000163+231000164+231000210+231000267+231000314+231000360+231000457+231000474+231000477+231000508+231000576+231000758+231000789+231000817+231000870+231000976+231000979+231000991+231001097+231001184+231001298+231001301+231001406+231001428+231001509+231001547+231001618+231001619+231001628+231001629+231001696+231001721+231001722+231001769+231001823+231001899+231001920+231001971+231001999+231002011+231002032+231002087+231002225+231002271+231002313+231002493+231002528+211001471+231000049+231000118+231000153+231000168+231000196+231000212+231000214+231000250+231000259+231000270+231000443+231000483+231000560+231000591+231000600,65,12:00-14:00,87
greedy,2025-05-31,Saturday,BMD212,0,normal,106,64,106,2,scheduled,211001802+221000705+221001063+221001244+221001397+221001720+231000625+231001796+241000282+241000349+241000680+241001101+241001179+241001310+241001587+241001616+241001676+241001713+241001874+241001958+241002078+241002100+241002286+241002310+241002311+241002395,26,12:00-14:00,26
greedy,2025-05-31,Saturday,AIS302,16,normal,110,62,110,2,scheduled,231000045+231000063+231000095+231000107+231000114+231000119+231000137+231000200+231000222+231000241+231000272+231000276+231000278+231000281+231000313+231000334+231000343+231000363+231000380+231000410+231000470+231000489+231000491+231000567+231000573+231000614+231000620+231000650+231000654+231000729+231000764+231000765+231000774+231000793+231000834+231000847+231000848+231000861+231000897+231000915+231000939+231000941+231000957+231000993+231001119+231001137+231001282+231001296+231001306+231001331+231001373+231001397+231001404+231001438+231001686+231001984+231002142+241000268+202001369+211000590+221000019+221000166,62,12:00-14:00,78
greedy,2025-05-31,Saturday,MNG363,30,normal,111,66,111,2,scheduled,231000031+231000083+231000097+231000138+231000215+231000326+231000327+231000395+231000473+231000627+231000714+231000724+231000884+231000949+231000971+231000987+231001076+231001078+231001145+231001201+231001405+231001566+231001569+231001589+231001667+231001732+231001801+231001816+231001881+231001903+231001913+231001990+231001997+231002076+231002095+231002193+231002206+231002232+231002257+231002357+231002725+231002757+241002244+18101248+202002281+202002372+202002462+202002791+211000208+211001949+221000071+221000244+221000315+221000400+221000896+221000999+221001005+221002099+231000345+231000531+231000710+231000799+231001011+231001205+231001357+231001672,66,12:00-14:00,96
greedy,2025-05-31,Saturday,BMD303,0,normal,114,63,114,2,scheduled,19106175+202000096+202001377+202001870+221001128+231000012+231000065+231000116+231000273+231000634+231000649+231000678+231000685+231000818+231000899+231000936+231001015+231001039+231001081+231001089+231001118+231001170+231001194+231001229+231001259+231001280+231001311+231001343+231001352+231001526+231001599+231001620+231001650+231001654+231001661+231001706+231001708+231001747+231001822+231001934+231002009+231002054+231002150+231002243,44,12:00-14:00,44
greedy,2025-05-31,Saturday,IND242,0,normal,116,66,116,2,scheduled,202000080+211000122+211002057+221000156+221000476+221001671+221002056+231000509+231001386+231001962+231002052+231002086+241000053+241000164+241000258+241000722+241000799+241000824+241000881+241000980+241001136+241001540+241001679+241001993,24,12:00-14:00,24
greedy,2025-05-31,Saturday,BMD102,0,normal,129,68,129,2,scheduled,221001826+241002035+241002387+241002460+241002560+251000094+251000337+251001509+251001579+251001580+251001584+251001670+251001830+251001833+251001905+251001987+251002066+251002165+251002371+251002513+251002754+251002790+251002993,23,12:00-14:00,23
greedy,2025-05-31,Saturday,MATH112I,0,normal,132,65,132,2,scheduled,211001864+231000525+231001648+231001806+241000343+241000658+241001116+241001290+251001938,9,12:00-14:00,9
greedy,2025-05-31,Saturday,ARC111,6,normal,134,66,134,2,scheduled,251000726+251001028+251001043+251001099+251001146+251001228+251001581+251002388+251002451+251002478+251002551+251002613+251002698+251002994+251002999+202002142+241000302+251000020+231002722+241000326+241000393+241000849+241001928+251000105+251000175+251000279+251000287+251000295+251000314+251000372+251000427+251000510+251000563+251000588+251000616+251000623+251000024+251000056+251000079+251000101+251000174+251000196+251000223+251000228+251000241+251000261+251000285+251000286+251000343+251000382+251000383+251000394+251000415+251000434+251000522+251000528+251000629+251000779+251000934+251001008+251001090+251001095+251001119+251001658+251001674+251001685,66,12:00-14:00,72
greedy,2025-05-31,Saturday,INT111,0,normal,138,64,138,2,scheduled,251002668+252000001+252000002+252000003+252000004+252000005+252000006+252000007+252000009+252000026+252000030+252000033+252000050+252000062+221001710+231001819+231001966+241000430+241000559+251000041+251000207+251000208+251000229+251000435+251000877+251001767+251002507+251002524,28,12:00-14:00,28
greedy,2025-05-31,Saturday,CSCI112,0,normal,139,66,139,2,scheduled,221001633+221001931+231000962+231001085+231001447+241000451+241001532+241001691+241001804+241001921+241001977+241002230+241002524,13,12:00-14:00,13
greedy,2025-05-31,Saturday,CVL432,0,normal,142,66,142,2,scheduled,18101487+202001705+202002592+211000235+211001701+211001942+221001750+231000002+231000355+231000667+231000796+231002721+251001999,13,12:00-14:00,13
greedy,2025-05-31,Saturday,ARC353,0,normal,216A,35,216A,2,scheduled,1710883+221000240+231000011+231000030+231000110+231000139+231000223+231000312+231000337+231000340+231000365+231000516+231000883+231001576+231002016+231002328+231002370+231002387,18,12:00-14:00,18
greedy,2025-05-31,Saturday,CVL361,0,normal,216B,35,216B,2,scheduled,231000476+231001062,2,12:00-14:00,2
greedy,2025-05-31,Saturday,CBIO408,0,normal,264,35,264,2,scheduled,202000579+202001617+202001659+221001666,4,12:00-14:00,4
greedy,2025-05-31,Saturday,MGMT201,22,normal,265,35,265,2,scheduled,202002806+211000318+221000341+241000229+241000718+241002044+241002095+241002439+241002454+251000180+251000220+251000260+251000338+251000353+251000515+251000527+251000670+251000776+251000785+251000869+251000893+251001049+251001142+251001269+251001435+251001445+251001609+251001709+251001752+251001810+251001813+251001920+251001953+251002013+251002050,35,12:00-14:00,57
greedy,2025-05-31,Saturday,ECE462,0,normal,306,68,306,2,scheduled,211000589+221000275+221000533+221001579,4,12:00-14:00,4
greedy,2025-05-31,Saturday,IND356,0,normal,307,65,307,2,scheduled,211001020+221000209+221000246+231000409+231001495+231001606+231001845+232000005,8,12:00-14:00,8
greedy,2025-05-31,Saturday,MNG382,0,normal,316,50,316,2,scheduled,221000591+231000269+231001632+231001847+231001910,5,12:00-14:00,5
greedy,2025-05-31,Saturday,MENG442,0,normal,330A,69,330A,2,scheduled,211001830+221001686+221002233,3,12:00-14:00,3
greedy,2025-05-31,Saturday,ECON403,0,normal,330B,68,330B,2,scheduled,221000924,1,12:00-14:00,1
greedy,2025-05-31,Saturday,ARC251,0,normal,333,66,333,2,scheduled,221000084+221001596+231000530+241000044+241000064+241000073+241000194+241000272+241000317+241000376+241000602+241000641+241000662+241000801+241000819+241000883+241001134+241001273+241001278+241001947+241002157+241002175+241002210+241002281+241002327+241002528+241002593+241002622,28,12:00-14:00,28
greedy,2025-05-31,Saturday,BIO102,0,normal,347,65,347,2,scheduled,231002245+241000075+241001313+241001456+241001652+241001690+241002017+241002181+241002393+241002470+241002473+241002475+241002531+241002565+241002609+241002624+242000040+251000053+251000109+251000188+251000247+251000297+251000309+251000310+251000464+251000502+251000539+251000586+251000644+251000817+251000918+251000939+251000970+251001009+251001264+251001268+251001280+251001322+251001404+251001553+251001608+251001872+251002053+251002146+251002173+251002244+251002287+251002425+251002599+251002626+251002644+251002669+251002680+251002765+251002783+251002788+251002802+251002865+251002973+252000097,60,12:00-14:00,60
greedy,2025-05-31,Saturday,APBI410,108,normal,52,33,52,2,scheduled,202001715+211001615+211001806+211001886+211001945+211002031+221000052+221000064+221000392+221000545+221000583+221000704+221000836+221001066+221001165+221001233+221001278+221001396+221001439+221001485+221001516+221001597+221001703+221001719+221001728+221001731+221001764+221001830+221001867+221001888+221001902+221001907+221001934,33,12:00-14:00,141
greedy,2025-05-31,Saturday,MKTG302,28,normal,53,33,53,2,scheduled,1510203+18100648+19100469+19105751+19106181+19106361+211000573+211001097+211001387+212002324+221000029+221000126+221000173+221000381+221000783+221001292+221001712+222000084+231000001+231000017+231000037+231000043+231000103+231000149+231000159+231000178+231000185+231000208+231000323+231000401+231000403+231000419+231000449,33,12:00-14:00,61
greedy,2025-05-31,Saturday,MTH215,29,normal,7,33,7,2,scheduled,19100436+19104283+202000111+202002787+202002999+211000136+221000229+221000330+221002204+231000009+231000052+231000254+231000388+231000415+231000482+231000557+231002106+231002436+241000004+241000013+241000262+241000265+241000346+241000397+241000400+241000405+241000418+241000486+241000508+241000514+241000589+241000601+241000642,33,12:00-14:00,62
greedy,2025-05-31,Saturday,ECE314,31,normal,8,33,8,2,scheduled,19106013+221001150+231000075+231000112+231000258+231000352+231000577+231000730+231000814+231000845+231001049+231001069+231001070+231001125+231001533+231001564+231001645+231001669+231001776+231001867+231002120+231002375+1610387+1610630+18100523+18101410+19200031+202002018+202002652+211000230+211001073+211001081+221000083,33,12:00-14:00,64
greedy,2025-05-31,Saturday,HUMA111,184,high,9,33,9,2,scheduled,221000404+221002001+251000025+251000211+251000448+251000452+251000671+251000755+251000884+251000905+251000920+251001117+251001350+251001432+251001541+251001756+251001918+251001924+251001936+251001972+251001990+251002016+251002073+251002148+251002158+251002273+251002305+251002349+251002547+251002588+251002675+251002739+251002775,33,12:00-14:00,217
greedy,2025-05-31,Saturday,NSCI102,129,high,1,33,1,3,scheduled,231000719+231000723+231000875+231001114+231001398+231001525+231001594+231002063+231002323+231002361+231002473+241000227+241000351+241000659+241001108+241001905+251002043+251002789+202001918+211002082+221001625+221001723+221001776+231000798+231000913+231000968+231001025+231001046+231001098+231001369+231001588+231002108+231002237,33,14:00-16:00,162
greedy,2025-05-31,Saturday,CBIO409,44,normal,104,65,104,3,scheduled,202000579+202001715+211000170+211001764+211002101+221000064+221000692+221000704+221000720+221000789+221000830+221001041+221001233+221001273+221001429+221001439+221001474+221001478+221001485+221001503+221001516+221001568+221001673+221001764+221001787+221001797+221001803+221001833+221001841+221001881+221001886+221001907+221001908+221001928+221001934+221001941+221001972+221001984+221002011+221002054+221002058+221002062+221002131+221002134+221002201+222000063+222000072+231002053+202000925+221000014+221000052+221000198+221000256+221000294+221000392+221000484+221000583+221000689+221001002+221001165+221001189+221001224+221001361+221001427+221001431,65,14:00-16:00,109
greedy,2025-05-31,Saturday,CSC102/CSCI102,23,normal,106,64,106,3,scheduled,241000066+241001005+241001159+241001764+241001828+241002322+241002362+241002592+251000283+251000411+251000463+251000512+251000756+251000795+251000843+251001373+251001388+251001743+251001916+251001929+251001934+251001963+251000222+251000293+251000342+251000585+251000604+251000723+251000783+251000886+251001328+251001463+251001634+251001680+251001721+251001753+251001801+251001993+251002117+251002123+251002165+251002204+251002219+251002341+251002361+251002405+251002500+251002508+251002515+251002539+251002548+251002582+251002689+251002737+251002745+251002752+251002761+251002790+251002810+251002830+251002847+251002854+251002915+252000018,64,14:00-16:00,87
greedy,2025-05-31,Saturday,MNG333,0,normal,110,62,110,3,scheduled,231000971+231000987+231001011+231001076+231001078+231001145+231001201+231001205+231001357+231001405+231001566+231001569+231001589+231001632+231001667+231001672+231001732+231001757+231001801+231001816+231001865+231001903+231001910+231001913+231001990+231001997+231002076+231002095+231002193+231002196+231002203+231002206+231002232+231002257+231002311+231002357+231002513+231002725+231002757+211000819+221001640+221002204+231000031+231000083+231000097+231000138+231000215+231000269+231000327+231000345+231000473+231000531+231000627+231000710+231000714+231000724+231000799+231000884+231000949,59,14:00-16:00,59
greedy,2025-05-31,Saturday,IND333,0,normal,111,66,111,3,scheduled,1820029+202000080+211001020+211002057+221000156+221000246+231000409+231000509+231001495+231001606+231001845+231002052+231002109+232000005,14,14:00-16:00,14
greedy,2025-05-31,Saturday,ARC161,4,normal,114,63,114,3,scheduled,251002581+251002864+241000302+241000393+241000849+251000020+251000056+251000079+251000101+251000174+251000196+251000228+251000241+251000279+251000285+251000287+251000314+231002722+241000326+241000384+241000889+241001928+251000024+251000105+251000261+251000286+251000295+251000372+251000382+251000427+251000522+251000563+251001008+251002551+251000343+251000383+251000394+251000415+251000434+251000510+251000528+251000588+251000616+251000623+251000629+251000779+251000934+251001028+251001043+251001090+251001095+251001099+251001119+251001146+251001228+251001658+251001674+251001685+251002310+251002350+251002388+251002478+251002601,63,14:00-16:00,67
greedy,2025-05-31,Saturday,CHM102,0,normal,116,66,116,3,scheduled,211001974+211002031+221001745+221002059+231000201+231000288+231001540+231001956+231002094+231002208+231002245+241000105+241001313+241002181+241002531+241002609+241002624+242000040+251000053+251000109+251000188+251000247+251000297+251000309+251000310+251000464+251000502+251000539+251000586+251000644+251000817+251000918+251000939+251000970+251001009+251001264+251001268+251001280+251001322+251001404+251001553+251001608+251001872+251002053+251002146+251002173+251002244+251002287+251002425+251002599+251002626+251002644+251002669+251002680+251002765+251002783+251002788+251002802+251002865+251002973+252000097,61,14:00-16:00,61
greedy,2025-05-31,Saturday,ECE424,0,normal,129,68,129,3,scheduled,19105801+221000656+221001740+221001795+231000440+231001513+231002504+241002365,8,14:00-16:00,8
greedy,2025-05-31,Saturday,FINC406,0,normal,132,65,132,3,scheduled,211000709+211000875+211001842+211001883+221000131+221000271+221000312+221000595+221000649+221000679+221000696+221000743+221000860+221001014+221001092+221001214+221001236+221001258+221001333+221001473+221001718+221001940+221001998+221002022+221002026+221002055+221002082+221002121+222000012+222000082+231000027+231000160+231000555+231000791+231001257+231001922+231001991+231002264+231002279+231002411,40,14:00-16:00,40
greedy,2025-05-31,Saturday,CVL311,0,normal,134,66,134,3,scheduled,1710909+202001083+202001705+211000235+241000176+241000397+241000649+241000735+241001591+241002252,10,14:00-16:00,10
greedy,2025-05-31,Saturday,ECEN473,0,normal,138,64,138,3,scheduled,221000275+221000533+221000685+221000850+221000856+221001579+231001109+231002107,8,14:00-16:00,8
greedy,2025-05-31,Saturday,ARC343,0,normal,139,66,139,3,scheduled,1710883+221000240+231000011+231000030+231000044+231000110+231000139+231000223+231000312+231000337+231000340+231000365+231000516+231000530+231000883+231001289+231001576+231002016+231002328+231002370+231002387,21,14:00-16:00,21
greedy,2025-05-31,Saturday,ARUD344,0,normal,142,66,142,3,scheduled,202000161+202000709+211000045+211001617+221000061+221000096+221000145+221000192+221000203+221000396+221001206+221001252+221001276+221001298+221001566+221001596+221001729+221001800+221002199,19,14:00-16:00,19
greedy,2025-05-31,Saturday,MENG446,0,normal,264,35,264,3,scheduled,211001830+221001686+221002233,3,14:00-16:00,3
greedy,2025-05-31,Saturday,ECON405,0,normal,265,35,265,3,scheduled,221000924,1,14:00-16:00,1
greedy,2025-05-31,Saturday,AIS201,38,normal,52,33,52,3,scheduled,211000633+211000782+211001524+211001864+211001892+221001050+221002164+231000018+231000053+231000274+231000291+231000669+231001151+231001306+231001486+231001648+231002171+231002718+241000017+241000027+241000050+241000072+241000165+241000304+241000339+241000343+241000352+241000359+241000375+241000412+241000416+241000428+241000431,33,14:00-16:00,71
greedy,2025-05-31,Saturday,CHM111,0,normal,53,33,53,3,scheduled,1610387+18101558+18101953+231000084+231000435+231000476+231002091+231002104+241000884+251000231+251000328+251000534+251000599+251001118+251001149+251001260+251001297+251001867+251002004+251002303+251002321+251002546,22,14:00-16:00,22
greedy,2025-05-31,Saturday,MTH216,199,high,7,33,7,3,scheduled,231000286+231000882+231002670+241000070+241000074+241000206+241000253+241000347+241000388+241000389+241000409+241000415+241000446+241000450+241000603+241000709+241000821+241000822+241000894+241000945+241000974+241001059+231000415+231001255+231001946+231002512+241000307+241000433+241000553+241000593+241000626+241000629+241000767,33,14:00-16:00,232
greedy,2025-05-31,Saturday,CSCI205,19,normal,8,33,8,3,scheduled,202000703+202001647+211001917+221000010+221000507+221001410+221001931+231000405+231000649+231000707+231000962+231001048+231001085+231001146+231001447+241000078+241000271+241000298+241000395+241000552+241000680+241000710+241000814+241001101+241001290+241001296+241001532+241001655+241001659+241001668+241001784+241001804+241001874,33,14:00-16:00,52
greedy,2025-05-31,Saturday,FINC305,14,normal,9,33,9,3,scheduled,18100648+18101510+19100200+19106361+202001301+202001582+202002858+211000023+211000143+211000377+211001260+211001386+211001855+221000485+221000522+221000729+221000937+221002169+231000566+231001348+231001680+231001779+231001808+231001815+231001972+231002058+231002078+231002123+231002220+231002304+231002366+231002392+231002393,33,14:00-16:00,47
greedy,2025-06-01,Sunday,SSCI201,74,normal,1,33,1,4,scheduled,202003118+211000239+211000699+211001723+211001828+211001949+221000012+221000067+221000072+221000086+221000123+221000127+221000134+221000147+221000280+221000318+221000406+221000570+221000587+221000637+221000645+221000703+221000759+221000770+221000832+221001005+221001022+221001025+221001213+221001237+221001263+221001455+221001456,33,08:00-10:00,107
greedy,2025-06-01,Sunday,MICR405,50,normal,104,65,104,4,scheduled,202000579+221000064+221000256+221000704+221000789+221000830+221001189+221001233+221001457+221001478+221001485+221001503+221001546+221001673+221001724+221001727+221001764+221001803+221001830+221001841+221001881+221001907+221001928+221001934+221001941+221001972+221001984+221002011+221002054+221002128+221002132+221002152+221002192+222000063+222000076+222000108+222000121+231000461+231000780+231000822+231000880+231000947+231001113+231001130+231001221+231001245+231001285+231001355+231001726+231001824+231002053+231002139+231002223+221000014+221000484+221001165+221001273+221001439+221001515+221001516+221001531+221001597+221001728+221001734+221001760,65,08:00-10:00,115
greedy,2025-06-01,Sunday,IND324,0,normal,106,64,106,4,scheduled,1820029+202002077+202002999+211001020+221000156+221000209+221002056+231000409+231000509+231001495+231001606+231001845+231001962+231002052+231002086+231002532+232000005,17,08:00-10:00,17
greedy,2025-06-01,Sunday,MATH201B,151,high,110,62,110,4,scheduled,202000441+231002764+241001684+241001777+241001802+241002166+242000044+251000028+251000121+251000147+251000220+251000268+251000338+251000354+251000388+251000408+251000432+251000449+251000465+251000519+251000521+251000564+251000628+251000645+251000869+251000890+251001113+251001155+251001208+251001435+251001445+251001510+251001549+251001589+251001609+251001810+251001813+251001841+251001901+251001920+251001921+251001955+251002189+251002289+251002518+251002609+251002679+251002751+251002807+251002808+251002840+251002988+202002173+221001674+221001894+221002126+241000049+241001583+242000004+242000014+251000045+251000058,62,08:00-10:00,213
greedy,2025-06-01,Sunday,CBIO312,0,normal,111,66,111,4,scheduled,221000165+221000443+221000509+221000582+221000689+221001449+221001939+221001980+221002117+231000596+231000660+231000770+231000951+231001071+231001218+231001231+231001347+231001403+231001407+231001581+231001725+231001817+231001837+231001872+231001933+231001982+231002006+231002025+231002188+231002400+241002087,31,08:00-10:00,31
greedy,2025-06-01,Sunday,MATH111,0,normal,114,63,114,4,scheduled,211001802+211001917+231000405+231000707+231000866+241000451+241001413+241001573+241001691+241002254+241002342+241002521+241002603+242000059,14,08:00-10:00,14
greedy,2025-06-01,Sunday,MATH110B,0,normal,116,66,116,4,scheduled,202001301+211000318+221000341+231002108+231002349+241000660+241000718+241001623+241002043+241002044+241002095+241002227+241002250+241002454+251000265+251000353+251000438+251000527+251000776+251000908+251001142+251001233+251001709+251001752+251001953+251002112+251002296+251002383+251002397+251002421+251002536+251002573+251002681+251002789+251002817+251002836+251002985+251002987+252000010+252000012,40,08:00-10:00,40
greedy,2025-06-01,Sunday,ARC233,0,normal,129,68,129,4,scheduled,241000044+241000064+241000073+241000113+241000194+241000272+241000317+241000376+241000586+241000602+241000636+241000641+241000662+241000801+241000819+241000883+241000889+241001134+241001273+241001278+241001629+241001928+241001947+241002157+241002175+241002210+241002281+241002327+241002528+241002593+241002622,31,08:00-10:00,31
greedy,2025-06-01,Sunday,ARC477,0,normal,132,65,132,4,scheduled,221000240+231000011+231000030+231000044+231000110+231000223+231000312+231000337+231000340+231000365+231000516+231000883+231001289+231001576+231002016+231002328+231002370+231002387,18,08:00-10:00,18
greedy,2025-06-01,Sunday,CVL412,0,normal,134,66,134,4,scheduled,231000476+231001062,2,08:00-10:00,2
greedy,2025-06-01,Sunday,MNG373,0,normal,138,64,138,4,scheduled,221000591+231000269+231001632+231001910,4,08:00-10:00,4
greedy,2025-06-01,Sunday,ARUD363,0,normal,139,66,139,4,scheduled,202000161+211000045+211001617+221000061+221000096+221000145+221000192+221000203+221000396+221001206+221001252+221001276+221001298+221001566+221001596+221001729+221001800+221002199,18,08:00-10:00,18
greedy,2025-06-01,Sunday,MATH113/MATH211,235,high,52,33,52,4,scheduled,221001826+221001931+231000525+231000582+231001124+231001126+231001217+231001524+231001961+241000106+241000289+241000431+241000703+241000763+241000935+241000977+241001031+241001289+241001384+241001397+241001581+251001253+251001325+251001343+251001453+251001465+251001509+251001511+251001532+251001551+251001565+251001579+251001580,33,08:00-10:00,268
greedy,2025-06-01,Sunday,ECE252,78,normal,53,33,53,4,scheduled,202002745+221000005+221000564+231000477+231001097+231001184+231001696+231002026+241000079+241000232+241000309+241000316+241000347+241000400+241000415+241000514+241000608+241000709+241000736+241000822+241000960+241000974+241001130+241001158+241001198+241001225+241001253+241001291+241001321+241001340+241001341+241001364+241001390,33,08:00-10:00,111
greedy,2025-06-01,Sunday,ECE151,439,high,7,33,7,4,scheduled,251001664+251001826+251001844+251001870+251001962+251002004+251002111+251002234+251002303+251002331+251002350+251002372+251002506+251002772+251002814+251003007+251003008+251003009+251003010+251003011+231000048+231000415+251001755+251001944+251001966+251001998+251002017+251002136+251002157+251002206+251002226+251002243+251002531,33,08:00-10:00,472
greedy,2025-06-01,Sunday,BSAD401,88,normal,8,33,8,4,scheduled,18100900+202000870+211001653+211001826+221000214+221000307+221000649+221001292+221001626+221001713+221001852+221001940+221002211+221002250+222000132+231000013+231000025+231000037+231000043+231000098+231000185+231000208+231000328+231000401+231000449+231000512+231000566+231000578+231000662+231000665+231000766+231000811+231000838,33,08:00-10:00,121
greedy,2025-06-01,Sunday,CSCI313,25,normal,9,33,9,4,scheduled,231000900+231000957+231001048+231001075+231001111+231001151+231001166+231001223+231001339+231001352+231001560+231001623+231001648+231001649+231001796+231002030+231002502+231002716+231002792+19100540+19105040+202000665+202000853+202000920+211001634+211001695+211002166+221000883+221000917+221001055+221001073+221001386+221001397,33,08:00-10:00,58
greedy,2025-06-01,Sunday,CSCI208,262,high,1,33,1,5,scheduled,241000437+241000538+241000686+241000867+241000934+241000944+241000947+241001048+241001067+241001088+241001104+241001110+241001144+241001162+241001178+241001207+241001238+241001312+241001328+241001362+241001405+241000750+241000758+241000768+241000882+241000935+241000985+241001101+241001108+241001111+241001112+241001220+241001280,33,10:00-12:00,295
greedy,2025-06-01,Sunday,CSC101/CSC111,12,normal,104,65,104,5,scheduled,251002835+251002838+251002850+251002854+251002915+251003040+251003048+252000001+252000002+252000003+252000006+252000009+252000011+252000018+252000019+252000026+252000029+252000050+252000051+251001680+251001682+251001721+251001743+251001767+251001801+251001929+251001938+251001963+251001970+251001996+251002117+251002145+251002302+251002341+251002361+251002436+251002451+251002494+251002507+251002508+251002515+251002524+251002539+251002554+251002611+251002649+251002668+251002689+251002737+251002752+251002770+251002790+251002801+251002805+251002810+251002830+251002832+231000707+231001966+241000430+241000716+241001005+241002230+241002265+251000205,65,10:00-12:00,77
greedy,2025-06-01,Sunday,MATH103B,15,normal,106,64,106,5,scheduled,202000250+202001715+211000703+211001886+211002032+211002101+221000064+221000417+221000484+221000545+221000692+221000704+221000836+221000906+221000946+221001140+221001233+221001278+221001282+221001396+221001475+221001481+221001485+221001516+221001597+221001731+221001764+221001787+221001803+221001874+221001876+221001886+221001907+221001933+221001934+221001972+221002011+221002054+221002058+221002128+221002134+222000063+222000072+231000695+202000925+211000170+211002065+221000052+221000256+221000392+221000720+221000789+221000830+221001041+221001165+221001273+221001429+221001439+221001457+221001503+221001666+221001673+221001678+221001719,64,10:00-12:00,79
greedy,2025-06-01,Sunday,AIS431,0,normal,110,62,110,5,scheduled,202001369+211000075+211001466+211001892+211002132+221000001+221000024+221000043+221000062+221000072+221000086+221000117+221000123+221000142+221000147+221000166+221000241+221000267+221000318+221000347+221000348+221000410+221000432+221000570+221000645+221000681+221000703+221000728+221000744+221000759+221000770+221000828+221000832+221000927+221001050+221001055+221001199+221001237+221001265+221001347+221001421+221001470+221001493+221001520+221001554+221001565+221001592+221001619+221001646+221001647+221001701+221001704+221001792+221001815+221001882+221002051+222000111+231000380+231000470+231000650+231001426+241000268,62,10:00-12:00,62
greedy,2025-06-01,Sunday,IENG345,0,normal,111,66,111,5,scheduled,1820029+202000064+202000111+202000353+202000580+202001887+202002999+211000122+211001131+211002057+211002233+221000074+221000156+221000745+221002056+231000509,16,10:00-12:00,16
greedy,2025-06-01,Sunday,BMD404,0,normal,114,63,114,5,scheduled,202000096+202001249+202001377+202001870+211001802+211001973+221000471+221000697+221000746+221000755+221000961+221000994+221001120+221001128+221001213+221001244+221001465+221001505+221001547+221001548+221001618+221001630+221001633+221001665+221001682+221001688+221001717+221001923+221001947+221001958+221002092+221002111+221002200,33,10:00-12:00,33
greedy,2025-06-01,Sunday,CVL231,0,normal,116,66,116,5,scheduled,221001657+221002246+231001377+241000176+241000397+241000649+241000735+241000843+241001118+241001591+241001830+241002252+251001118+251001867,14,10:00-12:00,14
greedy,2025-06-01,Sunday,CVL315,0,normal,129,68,129,5,scheduled,18101994+202002592+202003118+211000235+211001701+212002435+231000002+231000355+231000476+231000667+231000796+231001062+231002721,13,10:00-12:00,13
greedy,2025-06-01,Sunday,HUMA203,0,normal,132,65,132,5,scheduled,251000172+251000473+251000600+251000889+251001913+251001934+251002237+251002348+251002510+251002519+251002591+251002618+251002933,13,10:00-12:00,13
greedy,2025-06-01,Sunday,HUM103,3,normal,134,66,134,5,scheduled,251000261+251000279+251000285+251000286+251000287+251000295+251000343+251000372+251000382+251000383+251000394+251000415+251000427+251000434+251000510+251000522+251000528+231002722+241000302+241000326+241000384+241000393+241000849+251000020+251000024+251000056+251000079+251000101+251000105+251000174+251000175+251000196+251000223+251000228+251000241+251000563+251000588+251000616+251000623+251000629+251000726+251000779+251000934+251001008+251001028+251001043+251001090+251001095+251001099+251001119+251001146+251001228+251001581+251001658+251001674+251001685+251002310+251002350+251002388+251002478+251002551+251002581+251002601+251002613+251002698+251002864,66,10:00-12:00,69
greedy,2025-06-01,Sunday,ARC222,0,normal,138,64,138,5,scheduled,241000801+241000819+241000883+241001134+241001273+241001278+241001629+241001928+241002157+241002175+241002210+241002281+241002327+241002593+241002622+221000084+231000645+241000044+241000064+241000073+241000113+241000194+241000272+241000317+241000376+241000586+241000602+241000636+241000641+241000662,30,10:00-12:00,30
greedy,2025-06-01,Sunday,ECE335,18,normal,52,33,52,5,scheduled,202001153+202001328+211000107+211000706+211000964+211001081+211001192+221000275+221000379+221000529+221000533+221000656+221001579+221001795+221002221+231000075+231000112+231000258+231000275+231000440+231000577+231000626+231000722+231000730+231000814+231000845+231001032+231001064+231001069+231001070+231001102+231001109+231001125,33,10:00-12:00,51
greedy,2025-06-01,Sunday,MNG232,68,normal,53,33,53,5,scheduled,241000318+241000805+241000990+241001098+241001103+241001125+241001172+241001212+241001246+241001263+241001288+241001430+241001461+241001509+241001519+241001575+241001635+241001644+241001687+241001757+241001833+241001838+241001884+241001934+241001949+241001973+241001985+241001990+241001991+241001997+241002016+241002070+241002084,33,10:00-12:00,101
greedy,2025-06-01,Sunday,CSCI417,252,high,7,33,7,5,scheduled,221001026+221001386+221001943+221002127+222000112+231000088+231000165+231000399+231000402+231000568+231000644+231000654+231000678+231000705+231000719+231000755+231000762+231000810+231000818+231000853+231000894+231000899+231000936+1610387+19106025+202000023+202001160+211001695+211001824+221000917+221001625+221001781+221001836,33,10:00-12:00,285
greedy,2025-06-01,Sunday,MTH112,295,high,8,33,8,5,scheduled,251000313+251000348+251000403+251000584+251000719+251000754+251000765+251000816+251000943+251000968+251001007+251001111+251001148+251001168+251001285+251001288+251001349+251001436+251001443+251001500+251001525+251001559+251001564+251000643+251000936+251000946+251001023+251001112+251001182+251001196+251001290+251001297+251001324,33,10:00-12:00,328
greedy,2025-06-01,Sunday,NSCI103,35,normal,9,33,9,5,scheduled,241001498+241001580+241001913+241001988+241002425+241002457+241002508+241002557+241002703+251000908+202001932+202002734+211001057+211001101+221000497+221001214+221001292+221001739+222000074+222000142+231000263+231000328+231000377+231000460+231000594+231001262+231001666+231001808+231001809+231001965+231001972+231002220+231002279,33,10:00-12:00,68
greedy,2025-06-01,Sunday,CSCI217,273,high,1,33,1,6,scheduled,241001482+241001489+241001501+241001522+241001566+241001605+241001609+241001645+241001670+241001738+241001741+241001792+241001810+241001829+241001866+241001878+241001898+241001924+241002015+241002019+241002066+241002067+241002101+241001979+241002023+241002029+241002102+241002173+241002182+241002311+241002438+241002479+241002595,33,12:00-14:00,306
greedy,2025-06-01,Sunday,APBI101,13,normal,104,65,104,6,scheduled,211000558+211002071+221000692+221001845+221001874+221001883+221001892+231000406+231000689+231000690+231000822+231000832+231001190+231001474+231001540+231001580+231001726+231001793+231002075+231002178+231002236+231002657+241002017+241002473+241002516+241002531+242000040+251000053+251000109+251000188+251000247+251000309+251000310+251000464+251000502+251000539+251000644+251000817+251000918+251000939+251000970+251001264+251001280+251001322+251001404+251001553+251001608+251001872+251002053+251002146+251002244+251002287+251002599+251002644+251002669+251002680+251002765+251002783+251002865+252000097+221001597+221001734+221002059+231000201+231001207,65,12:00-14:00,78
greedy,2025-06-01,Sunday,MNG321,32,normal,106,64,106,6,scheduled,231000710+231000714+231000724+231000799+231000884+231000949+231000971+231000987+231001011+231001076+231001078+231001145+231001201+231001205+231001357+231001566+231001569+231001589+231001667+231001672+231001732+231001757+231001801+231001816+231001881+231001903+231001913+231001990+231001997+231002076+231002095+231002106+231002116+231002196+231002206+231002232+231002257+231002357+231002757+241000657+241000887+18101248+19105748+202002281+202002791+211000819+211001963+221000037+221000071+221000243+221000244+221000315+221000400+221000630+221000653+221000896+221001162+221001676+221001683+221001746+221002025+221002097+231001405+231002059,64,12:00-14:00,96
greedy,2025-06-01,Sunday,CVL411,0,normal,110,62,110,6,scheduled,18101487+18101953+18101994+19100948+202001083+202001155+202002592+202003118+211001701+221000377+221001750+231000002+231000355+231000476+231000667+231000796+231001062,17,12:00-14:00,17
greedy,2025-06-01,Sunday,IND323,0,normal,111,66,111,6,scheduled,1820029+202002077+211001020+211001131+211002057+221000074+221000246+221000745+221002263+231000409+231000509+231001495+231001606+231001845+231002532+232000005,16,12:00-14:00,16
greedy,2025-06-01,Sunday,AIS462,0,normal,114,63,114,6,scheduled,211001298+211001466+211001892+211002194+221000001+221000002+221000117+221000348+221000410+221000424+221001055+221001099+221001237+221001347+221001524+221001592+221002051+222000111,18,12:00-14:00,18
greedy,2025-06-01,Sunday,ECEN456,0,normal,116,66,116,6,scheduled,19105801+221000529+221000656+221000685+221000850+221000856+221001740+221001795+231000626+231001513+231001945,11,12:00-14:00,11
greedy,2025-06-01,Sunday,CVL331,0,normal,129,68,129,6,scheduled,221001657+231002091+231002104+241000176+241000397+241000649+241000735+241000737+241000843+241001118+241001591+241001830+241002252+251001118,14,12:00-14:00,14
greedy,2025-06-01,Sunday,CSCI455,0,normal,132,65,132,6,scheduled,211000449+211000837+212002431+221000268+221000354+221001851+221001943+221001951,8,12:00-14:00,8
greedy,2025-06-01,Sunday,FINC408,0,normal,134,66,134,6,scheduled,202000274+211000709+211000875+211001842+211001883+221000018+221000823+221000860+221001031+221001718+221001998+221002022+221002026+221002121+222000082+231000106+231000328+231000594+231000965+231001058+231001121+231001991+231002207+231002337+231002350+231002376+241001213,27,12:00-14:00,27
greedy,2025-06-01,Sunday,ECEN111,55,normal,138,64,138,6,scheduled,251000057+251000060+251000077+251000138+251000139+251000177+251000289+251000341+251000433+251000473+251000492+251000496+251000503+251000520+251000531+251000595+251000600+251000630+251000665+251000715+251000769+251000795+251000975+251001011+251001039+251001061+251001110+251001126+251001156+251001179+251001180+251001201+251001262+251001320+251001354+251001357+251001391+251001397+251001452+251001481+251001547+251001567+251001625+251001651+251001940+251001972+251001981+251001997+251002047+251002048+251002185+251002309+251002417+251002462+251002474+251002738+251002750+251002763+251002816+251002977+251000118+251000145+251000169+251000294,64,12:00-14:00,119
greedy,2025-06-01,Sunday,ECE213,111,normal,52,33,52,6,scheduled,211000230+221000556+231000459+231001964+231001971+231002504+231002670+241000070+241000074+241000253+241000347+241000365+241000388+241000389+241000415+241000450+241000465+241000603+241000709+241000821+241000822+241000894+241000974+241001062+241001122+241001127+241001193+241001198+241001226+241001253+241001321+241001393+241001477,33,12:00-14:00,144
greedy,2025-06-01,Sunday,MATH100,52,normal,53,33,53,6,scheduled,251002524+251002528+251002554+251002629+251002682+251002689+251002745+251002752+251002801+251002810+251002838+251002846+251002850+251002854+251002860+251002927+251002928+251002933+251003040+252000002+252000006+241002524+251000229+251000580+251000783+251000924+251000999+251001721+251001867+251001913+251001934+251001996+251002073,33,12:00-14:00,85
greedy,2025-06-01,Sunday,CSCI451,87,normal,7,33,7,6,scheduled,221002164+222000008+231000010+231000033+231000045+231000107+231000119+231000137+231000222+231000241+231000272+231000276+231000281+231000310+231000313+231000343+231000380+231000491+231000514+231000567+231000620+231000705+231000755+231000774+231000792+231000818+231000915+231000939+231000941+231000968+231001000+231001030+231001096,33,12:00-14:00,120
greedy,2025-06-01,Sunday,MOIT301,169,high,8,33,8,6,scheduled,1610751+19106361+202002644+211000573+211001175+221000181+221000341+221001660+221001674+231000803+231001785+241000049+241000660+241000718+241002486+251000164+251000168+251000216+251000264+251001221+251001408+251002043+18100594+18101510+18102402+18102589+19104642+19105751+202001301+202002319+202002459+211000961+211001097,33,12:00-14:00,202
greedy,2025-06-01,Sunday,MTH214,7,normal,9,33,9,6,scheduled,19100615+202000064+202000080+202001106+202002146+211000136+221000016+221000158+221000821+221001401+221001408+222000018+231000046+231000294+231000413+231000895+231001609+241000040+241000123+241000316+241000590+241000799+241000824+241000949+241001243+241001300+241001526+241001912+241002072+241002119+241002121+241002635+241002656,33,12:00-14:00,40
greedy,2025-06-01,Sunday,CSCI419,255,high,1,33,1,7,scheduled,19105329+19106175+202000920+202002082+211000140+211000420+211002166+221000427+222000112+231000012+231000173+231000368+231000369+231000521+231000562+231000574+231000615+231000616+231000621+231000625+231000636+231000697+231000711+231000778+231000786+231000797+231000856+231000894+231000910+231000940+231000958+231000995+231001040,33,14:00-16:00,288
greedy,2025-06-01,Sunday,ACCT303,6,normal,104,65,104,7,scheduled,18100900+19100200+19105734+202001032+202002391+202002563+202002646+202002991+211000017+211000023+211000377+211000410+211001057+211001827+211002044+221000054+221000091+221000139+221000181+221000201+221000271+221000334+221000438+221000485+221000595+221000649+221000696+221000724+221000743+221000784+221000848+221000860+221001014+221001092+221001256+221001258+221001332+221001337+221001538+221001552+221001555+221001722+221001739+221001853+221001940+221001998+221002026+221002073+221002082+231000029+231000106+231000221+231000328+231000555+231000578+231000594+231000766+231000791+231000965+231001127+231001605+231001718+231001922+231002110+231002158,65,14:00-16:00,71
greedy,2025-06-01,Sunday,APBI102,14,normal,106,64,106,7,scheduled,211000558+221001481+221001516+221001728+221001734+221001745+222000076+222000159+231000406+231000777+231000779+231000832+231000843+231001261+231001460+231001529+231001582+231001684+231001726+231001739+231001824+231002015+231002139+231002140+231002178+231002183+231002233+231002265+231002299+231002314+231002744+241001652+241002520+251000053+251000188+251000297+251000310+251000464+251000539+251000644+251000918+251000939+251000970+251001280+251001404+251001553+251001608+251001872+251002053+251002146+251002173+251002244+251002287+251002599+251002626+251002669+251002788+252000097+231000050+231000822+231001200+231001220+231001643+231001746,64,14:00-16:00,78
greedy,2025-06-01,Sunday,PHY111,0,normal,110,62,110,7,scheduled,251001767+251001870+251001946+251002070+251002105+251002194+251002649+251002811+251002983+252000001+252000003+252000004+252000005+252000007+252000009+252000026+252000030+252000033+252000050+252000062+241002128+241002635+242000056+251000037+251000043+251000098+251000116+251000214+251000223+251000256+251000393+251000495+251000631+251000768+251000770+251000810+251000824+251000877+251000892+251000895+251001022+251001159+251001679+251001691+251002378+251002382+251002420+251002488+251002507+251002621+251002843+18100713+221000229+231000895+241000302+241000384+241000791+241000799+241000815+241001046,60,14:00-16:00,60
greedy,2025-06-01,Sunday,MATH203I,0,normal,111,66,111,7,scheduled,241000412+241000677+241000678+241000687+241000790+241000795+241000899+241000944+241001097+241001181+241001589+241001683+241001734+241002046+241002071+241002092+211000093+221000024+221000043+221000086+221000147+221000703+221001347+221001493+231000038+231000137+231000847+231001438+241000050+241000165+241000304+241000359+241000375,33,14:00-16:00,33
greedy,2025-06-01,Sunday,CBIO314,0,normal,114,63,114,7,scheduled,202001617+221000165+221000198+221000509+221001066+221001224+221001266+221001360+221001449+221001883+221001888+221001902+221001933+221001955+221002030+221002152+222000121+231000596+231000660+231000770+231000951+231001218+231001231+231001407+231001581+231001817+231001837+231001872+231001982+231002025+231002188+231002256+231002400,33,14:00-16:00,33
greedy,2025-06-01,Sunday,PHY111/PHYS002,0,normal,116,66,116,7,scheduled,241001066+241001748+241002053+251000031+251000040+251000093+251000158+251000225+251000306+251000335+251000534+251000599+251000661+251000822+251001040+251001047+251001065+251001119+251001300+251001765+221002041+221001711+221002008,23,14:00-16:00,23
greedy,2025-06-01,Sunday,MKTG405,0,normal,129,68,129,7,scheduled,1510203+202000297+211000471+211001387+221000124+221000126+221000221+221000238+221000258+221000381+221000389+221000497+221000816+221000824+221000910+221001412+221001462+221001537+221001810+221001852+221001978+221002087+221002109+221002211+221002240+221002255+221002256+231000184,28,14:00-16:00,28
greedy,2025-06-01,Sunday,IENG324,0,normal,132,65,132,7,scheduled,202000111+202000580+202001887+211001131+211002057+211002233+221000074+221000209+221000246+221000745+221002263,11,14:00-16:00,11
greedy,2025-06-01,Sunday,MENG327,0,normal,134,66,134,7,scheduled,221000400+221000630+221000653+221000962+221001022+221001162+221001455+221001676+221001683+221001746+221002025+221002097+241002244+18102051+19105748+202002146+202002372+202002791+211000208+211001963+221000012+221000037+221000071+221000127+221000243+221000244+221000315,27,14:00-16:00,27
greedy,2025-06-01,Sunday,CVL211,0,normal,138,64,138,7,scheduled,211001942+221000377+221001657+221002246+231002091+231002104+241000737+241000884+241001118+241001830+251000328+251001118+251001149+251001260+251001297+251001602+251002004+251002303+251002321+251002546,20,14:00-16:00,20
greedy,2025-06-01,Sunday,CVL334,0,normal,139,66,139,7,scheduled,1710909+18101994+202001083+202001155+202001705+211000235+211001701+221001750+231000002+231000355+231000667+231000796+231002721+251001999,14,14:00-16:00,14
greedy,2025-06-01,Sunday,IND252,3,normal,52,33,52,7,scheduled,19100320+19100478+202000064+202000346+202000548+202001860+202002077+202002999+211000122+211000876+212002435+221000156+221000476+221001671+221002056+231000009+231000435+231000509+231001386+231001962+231002052+231002086+231002532+241000053+241000132+241000164+241000258+241000265+241000722+241000881+241000980+241001136+241001540,33,14:00-16:00,36
greedy,2025-06-01,Sunday,PHY111/PHYS001,0,normal,53,33,53,7,scheduled,202002142+211000136+221000033+221001763+231000046+231000048+231000331+231000413+231000523+231001552+231001959+241000316+241000418+241000486+241000590+241000833+241000889+241001025+241001300+241001607+241002119+19106013,22,14:00-16:00,22
greedy,2025-06-01,Sunday,ECE233,99,normal,7,33,7,7,scheduled,18100523+202000444+221000297+221001483+221001643+241000052+241000232+241000253+241000307+241000365+241000389+241000405+241000415+241000465+241000603+241000608+241000626+241000709+241000821+241000960+241000974+241001060+241001127+241001130+241001158+241001193+241001198+241001226+241001234+241001256+241001303+241001321+241001340,33,14:00-16:00,132
greedy,2025-06-01,Sunday,FINC301,95,normal,8,33,8,7,scheduled,19104642+202002992+211000573+211001097+211001175+211001813+211001872+211001932+211002250+221000214+221001042+221001930+221002021+221002024+222000009+222000017+231000239+231001831+231001955+231002135+231002323+231002723+231002728+231002760+241000018+241000179+241000183+241000238+241000251+241000314+241000456+241000547+241000725,33,14:00-16:00,128
greedy,2025-06-01,Sunday,PHYS101C,198,high,9,33,9,7,scheduled,241001784+242000059+251000018+251000025+251000072+251000094+251000106+251000232+251000344+251000345+251000411+251000452+251000494+251000526+251000749+251000798+251000828+251000839+251000905+251000931+251000990+251001038+241001413+241001573+241001764+241001828+241002230+241002362+241002414+241002491+251000424+251000463+251000466,33,14:00-16:00,231
greedy,2025-06-02,Monday,CSCI322,34,normal,1,33,1,8,scheduled,18100697+18100890+19100645+19105801+202000023+202001153+202001160+202002876+211000075+211000093+211000437+211000699+211000706+211000964+211001192+212002283+221000204+221000391+221000529+221000889+221000976+221001245+221001621+231002055+231002186+231002302+231002742+241000048+241000072+241000245+241000277+241000416+241000459,33,08:00-10:00,67
greedy,2025-06-02,Monday,ACCT202,1,normal,104,65,104,8,scheduled,18102402+18102520+18200099+19100469+19104642+19200151+211000573+211000961+211001175+211001386+211001872+211001932+211002250+221000735+221001042+221001811+221001832+221002021+221002024+221002191+222000004+222000009+222000074+231000239+231000243+231000775+231000803+231001008+231001144+231001160+231001785+231001835+231002135+231002737+231002760+231002764+241000179+241000184+241000314+241000364+241000713+241000845+241000912+241000982+241001083+241001153+241001244+241001247+241001358+241001449+241001518+241001621+241001650+241001674+241001704+241001851+241001903+241002068+241002096+241002187+241002324+241002486+241002559+241002584+241002612,65,08:00-10:00,66
greedy,2025-06-02,Monday,ACCT301,0,normal,106,64,106,8,scheduled,18100648+18101510+18102589+19100200+19105734+211000023+211000875+211001842+211001883+221000131+221000271+221000595+221000649+221000696+221001031+221001236+221001333+221001538+221001718+221001722+221001930+221002022+221002026+221002055+221002082+221002121+231000013+231000025+231000027+231000106+231000160+231000221+231000555+231000791+231000965+231001035+231001121+231001177+231001257+231001543+231001680+231001716+231001782+231001896+231001922+231001991+231002158+231002207+231002264+231002279+231002298+231002304+231002337+231002350+231002410+231002411+241000902+241001213+241002484+251002043,60,08:00-10:00,60
greedy,2025-06-02,Monday,BIO206,33,normal,110,62,110,8,scheduled,202001659+211000852+211001688+221001266+221001360+221001724+221001727+221001773+221001867+221001892+221001990+221002151+231000689+231000690+231000937+231000951+231001403+231001678+231001725+231001726+231001758+231001793+231001817+231001898+231001956+231002049+231002175+231002226+231002246+231002258+241000045+241000105+241000377+241001061+241001294+241001308+241001469+241001506+241001648+241001653+241001787+241001799+241001920+241002112+241002353+211001974+221000582+221001189+221001939+221001980+231000695+231001514+231001580+231001812+231002040+231002092+231002730+241000023+241000394+241000425+241000534+241000850,62,08:00-10:00,95
greedy,2025-06-02,Monday,MENG422,0,normal,111,66,111,8,scheduled,221000896+221000962+221001005+221001022+221001025+221001162+221001455+221001676+221001683+221001686+221001746+221002233+231000435+202001860+202002281+202002372+202002791+211001830+221000012+221000067+221000071+221000127+221000243+221000244+221000315+221000630+221000653,27,08:00-10:00,27
greedy,2025-06-02,Monday,IENG408,0,normal,114,63,114,8,scheduled,202000111+202000580+202002999+211001131+211001828+211002233+221000074+221000209+221000745+221002263,10,08:00-10:00,10
greedy,2025-06-02,Monday,BMD101,0,normal,116,66,116,8,scheduled,241002035+251000094+251000337+251001987+251002754+251002790+252000051,7,08:00-10:00,7
greedy,2025-06-02,Monday,MNG372,47,normal,52,33,52,8,scheduled,1720040+19100320+19100478+202002146+211000208+211001963+221000037+221000352+221000400+221000591+221000999+221002025+221002097+221002099+221002204+231000031+231000083+231000097+231000215+231000269+231002757+241000406+241001381+241001760+18101248+211000819+221000224+221001640+231000138+231000326+231000327+231000473+231000710,33,08:00-10:00,80
greedy,2025-06-02,Monday,CBIO305,85,normal,53,33,53,8,scheduled,221001845+221002160+222000076+222000108+222000159+231000406+231000461+231000780+231000822+231000880+231000934+231000947+231001113+231001130+231001190+231001207+231001211+231001220+231001221+231001245+231001246+231001261+231001285+231001355+231001460+231001467+231001474+231001487+231001507+231001578+231001582+231001643+231001655,33,08:00-10:00,118
greedy,2025-06-02,Monday,CSCI461,211,high,7,33,7,8,scheduled,231001277+231001317+231001322+231001435+231001502+231001556+231001653+231001884+231002081+231002163+19106025+202001427+202003071+211001695+211001824+211001973+221000152+221000829+221001771+221001856+221001918+222000092+231000057+202002593+211000308+221000728+221000927+221001495+221001520+221001761+221001768+221002212+222000058,33,08:00-10:00,244
greedy,2025-06-02,Monday,INT121,201,high,8,33,8,8,scheduled,251002587+251002667+251002772+251002779+251002829+251002850+251003006+251003008+251003009+221002060+241000772+241000843+241001597+241001647+241001725+241002053+241002152+251000217+251000237+251000295+251000348+251000379+251000401+251001862+251001869+251002129+251002133+251002157+251002206+251002230+251002255+251002258+251002325,33,08:00-10:00,234
greedy,2025-06-02,Monday,MKTG303,69,normal,9,33,9,8,scheduled,1510203+211000763+211000970+211001653+212002324+212002332+221000029+221000173+221001052+221001234+221001412+221001551+221001713+221001978+221002067+221002256+231000001+231000029+231000098+231000185+231000245+202002734+221000522+221001292+221001712+222000084+231000017+231000037+231000043+231000090+231000149+231000178+231000208,33,08:00-10:00,102
greedy,2025-06-02,Monday,CSCI465,130,high,1,33,1,9,scheduled,202001954+211002004+221000024+221000142+221000570+221000645+221000767+221000770+221000832+221000917+221001050+221001207+221001313+221001344+221001354+221001423+221001443+221001458+221001493+221001565+221001609+221001646+221001684+221001792+221001435+221001456+221001502+221001590+221001605+221001616+221001641+221001672+221001691,33,10:00-12:00,163
greedy,2025-06-02,Monday,CSCI311,0,normal,104,65,104,9,scheduled,19100645+202001160+202001162+202002876+211000590+211001695+211002166+221001878+231000018+231000173+231000310+231000357+231000517+231000605+231000733+231000912+231001179+231001227+231001290+231001372+231001649+231001840+231002166+231002186+231002742+241000017+241000050+241000165+241000304+241000359+241000375+241000412+241000535+241000538+241000677+241000678+241000687+241000790+241000795+241000899+241000944+241000947+241001048+241001057+241001092+241001097+241001144+241001181+241001312+241001537+241001683+241001708+241002041+241002046,54,10:00-12:00,54
greedy,2025-06-02,Monday,MICR202,39,normal,106,64,106,9,scheduled,211000907+211001688+211001945+221001360+221001703+221001867+221001953+221001990+221002117+221002151+221002162+231000201+231000689+231000690+231001071+231001189+231001678+231001748+231001898+231001956+231002000+231002049+231002053+231002226+241000045+241000105+241000377+241001061+241001189+241001294+241001308+241001469+241001506+241001648+241001653+241001787+241001799+241001920+241002112+241002353+241002412+241002498+241002507+211001974+211002031+221000946+221001749+221002059+231000695+231000832+231000843+231001246+231001474+231001580+231001726+231001812+231001897+231002040+231002075+231002092+231002183+231002208+231002342+231002730,64,10:00-12:00,103
greedy,2025-06-02,Monday,BMD407,0,normal,110,62,110,9,scheduled,19105040+19105329+19106040+19106175+202000096+202000920+202001249+202001870+211001973+221001128+221001244+231000012+231000065+231000116+231000273+231000634+231000678+231000685+231000899+231000936+231001015+231001039+231001081+231001089+231001118+231001170+231001194+231001229+231001259+231001280+231001311+231001343+231001526+231001599+231001620+231001654+231001661+231001706+231001708+231001747+231001822+231001934+231002009+231002054+231002243,45,10:00-12:00,45
greedy,2025-06-02,Monday,FINC407,0,normal,111,66,111,9,scheduled,211000709+211001502+211001883+221000823+221001214+221001552+221002121+222000012+231000013+231000025+231000594+231001035+231001257+231001543+231001782+231001896+231002337+231002410,18,10:00-12:00,18
greedy,2025-06-02,Monday,OPMG301,93,normal,52,33,52,9,scheduled,202000507+212002332+221000173+221001332+221001660+222000086+231002651+231002737+241000018+241000037+241000131+241000221+241000228+241000254+241000288+241000299+241000348+241000364+241000402+241000408+241000436+241000439+241000580+241000739+241000816+241000907+241000920+241000932+241000982+241001072+241001075+241001077+241001087,33,10:00-12:00,126
greedy,2025-06-02,Monday,ECE121,252,high,53,33,53,9,scheduled,18101802+221000229+221000330+221000821+221001710+221001794+231000331+231001704+241000013+241000123+241000676+241000858+241001066+241001272+241001868+241002033+241002121+251000016+251000166+251000251+251000304+251000317+251000420+251000495+251000553+251000571+251000663+251000700+251000707+251000768+251000770+251000814+251000853,33,10:00-12:00,285
greedy,2025-06-02,Monday,CSCI212/CSCI221,226,high,7,33,7,9,scheduled,202001888+221000166+231000649+231000746+231001866+231002260+241000027+241000072+241000093+241000103+241000245+241000271+241000298+241000323+241000332+241000350+241000407+241000416+241000459+241000482+241000507+241000541+241000604+241000616+241002586+241002590+241002595+242000008+242000058+221001410+221001905+241000078+241000297,33,10:00-12:00,259
greedy,2025-06-02,Monday,ACCT201,172,high,8,33,8,9,scheduled,211001268+231001594+231002485+241000049+241001583+242000004+251000045+251000058+251000121+251000164+251000168+251000216+251000227+251000238+251000260+251000264+251000284+251000301+251000312+251000321+251000385+251000388+251000422+251000472+251000474+251000617+251000633+251000648+251000690+251000777+251000794+251000878+251001030,33,10:00-12:00,205
greedy,2025-06-02,Monday,MEC112,78,normal,9,33,9,9,scheduled,251000406+251000560+251000792+251000813+251000933+251000968+251001168+251001196+251001288+251001399+251001424+251001523+251001598+251001661+251001763+251001793+251001798+251001826+251001864+251002111+251002134+251002153+19100436+202000064+211000107+211000136+211000819+231000413+231001807+241000235+241000406+241000772+241001046,33,10:00-12:00,111
greedy,2025-06-02,Monday,CSCI305,261,high,1,33,1,10,scheduled,202000853+202002082+211000140+211000420+211002166+221000427+221001761+221001905+222000075+222000112+231000057+231000161+231000165+231000176+231000179+231000359+231000369+231000514+231000521+231000554+231000571+231000572+231000636+231000677+231000711+231000713+231000786+231000853+231000856+231000910+231000940+231000943+231000958,33,12:00-14:00,294
greedy,2025-06-02,Monday,OPMG303,0,normal,104,65,104,10,scheduled,221001337+221001555+221001660+221001670+221001920+221002138+231000377+231000542+231001414+231002110+231002237+231002339+241001744+251002713+18102589+19105994+202000195+202000507+202002391+211000195+211001260+211001813+211001853+211001872+211001905+211001932+221000334+221000724+221001332,29,12:00-14:00,29
greedy,2025-06-02,Monday,PHY102,0,normal,106,64,106,10,scheduled,19100338+202001659+211000703+211000907+211001806+211001886+211001945+211002032+211002065+211002068+211002071+221001745+221001749+221001841+221001907+221002088+221002134+222000063+222000072+222000121+231000068+231000384+231001844+231002092+231002094+231002190+231002245+231002246+231002343+241001673+241001690+241002017+241002507+241002624+251000053+251000188+251000297+251000310+251000502+251000539+251000918+251000939+251000970+251001264+251001280+251001322+251001404+251001553+251001608+251001872+251002053+251002146+251002173+251002244+251002287+251002425+251002599+251002644+251002669,59,12:00-14:00,59
greedy,2025-06-02,Monday,CBIO313,3,normal,110,62,110,10,scheduled,221001522+221001531+221001546+221001568+221001655+221001677+221001727+221001797+221001825+221001833+221001888+221001902+221001908+221001932+221001980+221001999+221002049+221002062+221002117+221002189+222000070+231000596+211001658+211001764+221000014+221000165+221000294+221000443+221000509+221000582+221000583+221000946+221001002+221001189+221001266+221001361+221001427+221001431+221001449+221001460+221001474+221001478+221001504+221001515+231000660+231000770+231000937+231000951+231001071+231001207+231001218+231001231+231001403+231001407+231001581+231001725+231001817+231001837+231001872+231001982+231002006+231002025,62,12:00-14:00,65
greedy,2025-06-02,Monday,MTH111,0,normal,111,66,111,10,scheduled,18100713+221000397+231001819+231002107+241000040+241000107+241000247+241000791+241000815+241000884+241001748+241002030+241002152+241002635+251000029+251000054+251000133+251000160+251000204+251000215+251000218+251000230+251000231+251000234+251000235+251000236+251000251+251000317+251000335+251000371+251000379+251000395+251000471+251000479+251000534+251000540+251000642+251000653+251000661+251000768+251000799+251000822+251000868+251000941+251001047+251001927+251001941+251002187+251002193+251002194+251002255+251002378+251002488+251002507+251002546+251002580+251002811+251002843+251002918+251002983,60,12:00-14:00,60
greedy,2025-06-02,Monday,AIS477,0,normal,114,63,114,10,scheduled,221000703+221000728+221000744+221000759+221000927+221001050+221001199+221001265+221001421+221001470+221001520+221001619+221001701+221001882+231001426+231001984+202001369+211000633+211001298+211001466+211001524+211001892+221000001+221000024+221000072+221000086+221000117+221000123+221000241+221000318+221000424+221000681,32,12:00-14:00,32
greedy,2025-06-02,Monday,MNG241,61,normal,52,33,52,10,scheduled,231002206+241000281+241000469+241001046+241001103+241001263+241001324+241001430+241001452+241001575+241001607+241001635+241001647+241001702+241001833+241001934+241001949+241001985+241001990+241002070+241002356+241002370+241002397+241000593+241000615+241000657+241000793+241000805+241000887+241000945+241000990+241001059+241001098,33,12:00-14:00,94
greedy,2025-06-02,Monday,MKTG305,0,normal,53,33,53,10,scheduled,211000573+212002313+221000522+221000729+221001247+221001626+221001712+221002014+221002066+221002275+222000084+231000037+231000090+231000149+231000159+231000208+231000403+231000449+231000647+231000658+231001132+231001617+231001904+231002058+231002275+231002334+231002500+231002729+231002745+231002813,30,12:00-14:00,30
greedy,2025-06-02,Monday,ECE346,80,normal,7,33,7,10,scheduled,18100523+221000005+231000028+231000049+231000075+231000094+231000112+231000157+231000163+231000168+231000196+231000250+231000258+231000383+231000443+231000483+231000508+231000576+231000577+231000583+231000626+231000722+231000730+231000814+231000817+231000845+231000870+231000882+231000976+231001032+231001064+231001069+231001102,33,12:00-14:00,113
greedy,2025-06-02,Monday,ECON201,179,high,8,33,8,10,scheduled,231000803+241000184+241000558+241001358+241001583+241001851+241002187+241002481+241002584+242000004+251000045+251000058+251000164+251000168+251000227+251000264+251000301+251000312+251000385+251000405+251001795+251001824+251001841+251001926+251002013+251002044+251002050+251002059+251002189+251002289+251002427+251002453+251002456,33,12:00-14:00,212
greedy,2025-06-02,Monday,CSCI207,55,normal,9,33,9,10,scheduled,241001129+241001185+241001413+241001581+241001602+241001655+241001659+241001668+241001707+241001821+241001858+241001897+241002045+241002089+241002107+241002122+241002158+241002206+241002258+241002284+241002414+241002423+221001428+231000502+231000649+231000866+231001651+231002736+241000048+241000103+241000106+241000208+241000267,33,12:00-14:00,88
greedy,2025-06-02,Monday,CSCI315,352,high,1,33,1,11,scheduled,231000496+231000546+231000568+231000573+231000604+231000697+231000704+231000741+231000765+231000774+231000778+231000786+231000861+231001075+231001215+231001283+231001306+231001331+18100697+211000299+221000462+221001540+221001616+221001690+221001761+221001801+221001987+222000062+231000008+231000114+231000183+231000200+231000241,33,14:00-16:00,385
greedy,2025-06-02,Monday,PHY112,289,high,104,65,104,11,scheduled,251000298+251000307+251000403+251000429+251000458+251000471+251000560+251000747+251000813+251000860+251000871+251000933+251000993+251001059+251001196+251001272+251001319+251001329+251001374+251001411+251001428+251000152+251000161+251000190+251000230+251000248+251000290+251000313+251000576+251000578+251000661+251000707+251000799+251000822+251000936+251000940+251001040+251001111+251001168+251001251+251001289+251001326+251001500+251001525+251001537+251001558+251001559+251001577+251001586+251001598+251001622+251001660+251001672+251001737+251001742+251001768+251001793+251001951+251002020+251002075+251002111+251002129+251002157+251002159+251002193,65,14:00-16:00,354
greedy,2025-06-02,Monday,ECE232,12,normal,106,64,106,11,scheduled,1610630+211000706+211000964+211001081+211001245+221000379+221002221+231000626+231001032+231001070+231001615+231001645+231001669+231001776+231002097+241000253+241000307+241000365+241000389+241000603+241000626+241000926+241001060+241001062+241001127+241001203+241001226+241001256+241001303+241001323+241001370+241001376+241001442+241001477+241001504+241001546+241001559+241001596+241001601+241001619+241001664+241001743+241001761+241001820+241001843+241001862+241001872+241001917+241001930+241001962+241002365+18101802+202001328+221000083+221001150+221001408+221001738+221002239+231000493+231002120+241000465+241000821+241000894+241000949,64,14:00-16:00,76
greedy,2025-06-02,Monday,CBIO306,52,normal,110,62,110,11,scheduled,211000558+221001481+221001531+221001830+221001922+221001932+221001952+221002160+231000822+231000934+231000947+231001130+231001190+231001245+231001246+231001261+231001285+231001355+231001467+231001487+231001507+231001582+231001643+231001739+231001746+231001792+231001824+231001869+231001897+231001942+231001994+231002000+231002113+231002139+231002140+231002178+231002210+231002223+231002233+231002236+231002299+231002314+221000484+221001282+221001727+221001841+221001861+222000070+222000108+222000121+231000050+231000120+231000452+231000461+231000613+231000739+231000772+231000777+231000779+231000780+231000813+231000821,62,14:00-16:00,114
greedy,2025-06-02,Monday,BMD409,0,normal,111,66,111,11,scheduled,19106175+202000096+202001249+202001377+202001870+202001888+211001802+211001973+221000961+221001128+221001547+221001633+221001958+231000012+231000065+231000116+231000273+231000634+231000678+231000685+231000899+231000936+231001015+231001081+231001089+231001118+231001170+231001194+231001229+231001259+231001280+231001311+231001343+231001352+231001526+231001599+231001620+231001661+231001708+231001747+231001822+231001934+231002009+231002243,44,14:00-16:00,44
greedy,2025-06-02,Monday,MKTG307,27,normal,52,33,52,11,scheduled,19100200+202002734+211000471+211000970+211001386+212002324+221000029+221000173+221000389+221000783+221000816+221001292+221001551+221001626+221001712+221001713+222000084+231000001+231000017+231000037+231000043+231000103+231000178+231000185+231000323+231000401+231000403+231000419+231000449+231000460+231000566+231000647+231000838,33,14:00-16:00,60
greedy,2025-06-02,Monday,CBIO203,98,normal,53,33,53,11,scheduled,211000852+211000907+211001658+221000443+221000582+221001165+221001429+221001516+221001773+221001787+221001867+221001886+221001980+221002117+221002162+221002192+231000068+231000201+231000384+231000406+231000689+231000690+231000832+231000937+231001071+231001189+231001403+231001460+231001578+231001725+231001898+231001933+231002006,33,14:00-16:00,131
greedy,2025-06-02,Monday,ECE471,42,normal,7,33,7,11,scheduled,202000084+202001954+211000589+221000082+221000297+221000406+221000694+221000756+221000976+221001335+221001411+221001483+221001595+221001643+221001893+221002245+231000164+231000212+231000259+231000267+231000270+231000314+231000457+231000600+231000789+231001097+231001383+231001428+231001618+231001619+231001628+231001629+231001696,33,14:00-16:00,75
greedy,2025-06-02,Monday,MGMT402,50,normal,8,33,8,11,scheduled,18100900+202001032+202002563+202002992+211001268+211001813+211001872+211001928+221000675+221000724+221000784+221000848+221000937+221001332+221001517+221001920+222000017+222000086+231000029+231000245+231000578+231000766+231001536+231001764+231001779+231001808+231001870+231001911+231001918+231001938+231001975+231002110+231002316,33,14:00-16:00,83
greedy,2025-06-02,Monday,MGMT303,27,normal,9,33,9,11,scheduled,19104642+19105751+19200151+211002009+221000735+221001811+221001940+222000004+222000074+222000142+231001391+231002135+231002728+231002729+231002749+241000081+241000131+241000179+241000436+241000713+241000845+241000907+241001009+241001083+241001199+241001261+241001271+241001435+241001449+241001498+241001518+241001567+241001658,33,14:00-16:00,60
greedy,2025-06-03,Tuesday,ECEN101C,69,normal,1,33,1,12,scheduled,18200019+211001087+221000010+221000354+221000883+221001558+221001771+222000114+231000165+231000705+231000853+231001625+231001840+231002716+241000021+241000066+241000208+241000323+241000343+241000395+241000541+241001446+241001457+241001483+241001581+241001689+241001786+241001789+241001847+241001858+241001926+241001969+241002071,33,08:00-10:00,102
greedy,2025-06-03,Tuesday,BIO205,19,normal,104,65,104,12,scheduled,211002101+221001867+231001812+231002049+231002226+241000045+241000105+241000377+241001061+241001294+241001308+241001469+241001506+241001648+241001653+241001787+241001799+241001920+241002112+241002353+241002476+242000009+211001688+211001974+221001066+221001360+221001728+221001883+221001902+221001939+221001955+221002151+231000689+231000695+231000937+231001071+231001514+231001580+231001678+231001872+231001898+231001956+231002183+231002208+231002246+231002258+231002657+231002730+241000023+241000394+241000425+241000534+241000850+241000853+241000888+241000988+241001070+241001107+241001145+241001200+241001251+241001356+241001386+241001473+241001528,65,08:00-10:00,84
greedy,2025-06-03,Tuesday,APBI304,0,normal,52,33,52,12,scheduled,211001615+211001945+221001273+221001282+221001429+221001731+221001760+221001787+221001880+221001886+221001944+221001952+221001966+221002058+231000384+231000934+231001474+231001748+231001817+241002507+241002538+242000011,22,08:00-10:00,22
greedy,2025-06-03,Tuesday,MKTG304,12,normal,53,33,53,12,scheduled,19100469+211000573+211000763+211000970+211001058+212002324+221000124+221000173+221000340+221000381+221000522+221000783+221001052+221001292+221001412+221001551+221001978+221002067+221002087+221002240+231000001+231000017+231000037+231000103+231000178+231000323+231000419+231000460+231000647+231000838+231001012+231001074+231001132,33,08:00-10:00,45
greedy,2025-06-03,Tuesday,ECE322,0,normal,7,33,7,12,scheduled,1510300+1710653+19106013+202000084+202001153+202001328+202002018+202002365+202002652+211000088+211000230+211000299+211000425+211000589+211001073+211001192+221000011+221000083+221000275+221001326+221001408+221001502+221001579+221001590+221001605+231001735+231002302+241001364+241002539,29,08:00-10:00,29
greedy,2025-06-03,Tuesday,OPMG302,32,normal,8,33,8,12,scheduled,241001638+241001650+241001704+241001851+241001903+241001968+241002068+241002109+241002160+241002187+241002324+241002481+241002486+241002543+241002584+241002612+241002626+241002692+251002043+251002713+251002730+18102402+18200099+202000881+202002806+202002992+211000732+211000961+211001101+211001175+211001268+221000762+221001811,33,08:00-10:00,65
greedy,2025-06-03,Tuesday,OPMG401,38,normal,9,33,9,12,scheduled,231000377+231000512+231000578+231000611+231000662+231000665+231000766+231000811+231001127+231001178+231001414+231001442+231001583+231001605+231001718+231001764+231001870+231001911+231001918+231001968+231001975+231002110+231002123+231002180+231002262+231002303+231002332+231002339+231002399+231002403+231002473+211001813+221000132,33,08:00-10:00,71
greedy,2025-06-03,Tuesday,CSCI467,244,high,1,33,1,13,scheduled,211001779+221000010+221000056+221000068+221000089+221000295+221000351+221000539+221000579+221000608+221000728+221000995+221001024+221001133+221001253+221001265+221001269+221001354+221001371+221001394+221001423+221001480+221001641+221001658+221001679+221001690+221001693+221001705+221001732+221001755+221001783+221001837+221001869,33,10:00-12:00,277
greedy,2025-06-03,Tuesday,OPMG304,0,normal,104,65,104,13,scheduled,19106181+202002991+211000017+211001653+211002063+221000132+221000752+221001721+221001741+221001890+221002023+231000029+231000098+231000245+231000263+231000377+231000512+231000541+231000542+231000578+231000611+231000662+231000665+231000811+231001127+231001128+231001178+231001268+231001414+231001441+231001442+231001536+231001583+231001605+231001718+231001764+231001870+231001911+231001918+231001968+231001972+231001975+231002180+231002262+231002303+231002327+231002332+231002339+231002399+231002403+231002439+231002473+231002475+232000004,54,10:00-12:00,54
greedy,2025-06-03,Tuesday,APBI305,63,normal,52,33,52,13,scheduled,211000558+211000852+221001478+221001666+221001677+221001678+221001830+221001908+221001941+221001944+221001984+221002160+222000076+222000159+231000406+231000613+231000777+231000779+231000934+231000947+231001130+231001190+231001207+231001211+231001245+231001246+231001261+231001285+231001355+231001460+231001467+231001487+231001507,33,10:00-12:00,96
greedy,2025-06-03,Tuesday,MKTG417,20,normal,53,33,53,13,scheduled,1510203+18102587+202000297+202001932+211000143+211000348+211000471+211000763+211000970+211001058+211001387+211002159+212002332+221000124+221000126+221000221+221000238+221000258+221000340+221000381+221000388+221000389+221000497+221000584+221000597+221000633+221000709+221000729+221000814+221000816+221000824+221000910+221001032,33,10:00-12:00,53
greedy,2025-06-03,Tuesday,MTH217,132,high,7,33,7,13,scheduled,211001245+221000330+221001408+221002239+231000493+231000882+241000052+241000079+241000232+241000309+241000346+241000365+241000400+241000415+241000442+241000514+241000603+241000608+241000709+241000822+241000960+241000974+241001060+241001127+241001128+241001130+241001158+241001193+241001198+241001225+241001226+241001241+241001256,33,10:00-12:00,165
greedy,2025-06-03,Tuesday,MATH112,26,normal,8,33,8,13,scheduled,202000623+202000703+211000749+221001058+221002001+231000878+231000962+231001217+231001372+231001651+231001961+231002736+241000103+241000133+241000702+241000935+241001068+241001362+241001384+241001828+241002018+241002045+241002159+241002371+241002451+241002488+241002638+242000010+242000053+202000665+221001386+221001471+221001865,33,10:00-12:00,59
greedy,2025-06-03,Tuesday,MATH301I,0,normal,9,33,9,13,scheduled,241000416+241000538+241000616+241000867+241000947+241001013+241001048+241001092+241001312+241001457+241001537+241002041+241002078+241002122+241002582+241002586+202001249+202001377+211000206+211001783+221000390+221000705+221001397+221001530+221001720+231000053+231000116+231000274+231001352+231001708+241000027+241000072,32,10:00-12:00,32
greedy,2025-06-03,Tuesday,MATH210,98,normal,1,33,1,14,scheduled,202001624+202002417+202003071+211000420+211000449+211000524+211000837+211001779+221000101+221000307+221000427+221000889+221001943+221001979+221001997+221002050+222000075+231000943+231001025+231001030+231001075+231001168+231001530+231001607+231001733+231002071+241000332+241000597+241000882+241001047+241001104+241001151+241001162,33,12:00-14:00,131
greedy,2025-06-03,Tuesday,APBI306,64,normal,52,33,52,14,scheduled,211000852+221001478+221001678+221001830+221001908+221001922+221001941+221001944+221001984+221002160+231000934+231000947+231001130+231001190+231001207+231001211+231001246+231001285+231001355+231001467+231001487+231001507+231001578+231001670+231001758+231001792+231001793+231001869+231001942+231001994+231002113+231002175+231002210,33,12:00-14:00,97
greedy,2025-06-03,Tuesday,OPMG406,15,normal,53,33,53,14,scheduled,211000017+211001653+211002063+221000132+221000201+221000438+221001890+221002020+221002023+221002073+221002148+221002250+231000098+231000263+231000377+231000512+231000541+231000542+231000578+231000611+231000662+231000665+231000811+231001127+231001128+231001178+231001268+231001441+231001442+231001583+231001605+231001718+231001764,33,12:00-14:00,48
greedy,2025-06-03,Tuesday,ECE345,77,normal,7,33,7,14,scheduled,211000589+221000005+221000011+231000023+231000157+231000163+231000164+231000210+231000267+231000314+231000360+231000457+231000474+231000477+231000508+231000576+231000583+231000758+231000789+231000817+231000870+231000976+231000979+231000991+231001184+231001298+231001301+231001406+231001428+231001509+231001547+231001618+231001619,33,12:00-14:00,110
greedy,2025-06-03,Tuesday,ECEN438,5,normal,8,33,8,14,scheduled,1710382+1710653+18100523+19200031+202000444+202001954+202002018+202002250+202002627+202002652+211000088+211000402+211000425+221000134+221000161+221000191+221000204+221000205+221000217+221000280+221000442+221000587+221000637+221000694+221000756+221001021+221001263+221001326+221001411+221001456+221001483+221001502+221001590,33,12:00-14:00,38
greedy,2025-06-03,Tuesday,MKTG470,11,normal,9,33,9,14,scheduled,1510203+19100469+202000297+211000143+211000471+211000763+211000970+211001058+211002159+212002324+221000124+221000238+221000258+221000340+221000381+221000388+221000497+221000584+221000597+221000633+221000824+221000910+221001032+221001052+221001234+221001412+221001462+221001537+221001551+221001626+221001810+221001852+221001978,33,12:00-14:00,44
greedy,2025-06-03,Tuesday,AIS411,18,normal,1,33,1,15,scheduled,221001153+221001371+221001378+221001489+221001602+221001614+221001623+221001658+221001672+221001679+221001687+221001692+221001698+221001707+221001732+221001757+221001796+221001798+221001799+221001877+221001896+221001899+221001906+221001954+221001968+221001994+221002000+222000111+222000114+231000343+231000380+231000387+231000410,33,14:00-16:00,51
greedy,2025-06-03,Tuesday,OPMG420,16,normal,52,33,52,15,scheduled,211000017+211001653+211002063+212002313+221000091+221000132+221000200+221000201+221000438+221000609+221000748+221000752+221000784+221000826+221000848+221000979+221000993+221001131+221001169+221001242+221001247+221001249+221001256+221001274+221001699+221001721+221001739+221001741+221001789+221001853+221001890+221002014+221002020,33,14:00-16:00,49
greedy,2025-06-03,Tuesday,MATH301,23,normal,7,33,7,15,scheduled,19100361+19105218+19105609+202001624+202002082+202002544+211000449+211000524+211001824+221000003+221000008+221000462+221001700+221001891+221001938+231000521+231000636+231000661+231000711+231000713+231000856+231001181+231001308+231001462+231001493+231001560+231001571+231001639+241000277+241001842+241001866+18100697+18200019,33,14:00-16:00,56
greedy,2025-06-03,Tuesday,ECE231,33,normal,8,33,8,15,scheduled,19104283+202000185+202002018+202002745+211000230+221000083+221000229+221000330+221001150+221001408+221002239+231000415+231001049+231001378+231001564+231002120+231002313+231002331+231002436+241000004+241000013+241000051+241000079+241000309+241000316+241000346+241000390+241000400+241000514+241000589+241000590+241000601+241000629,33,14:00-16:00,66
greedy,2025-06-03,Tuesday,MKTG401,6,normal,9,33,9,15,scheduled,19100469+211000348+221000126+221000173+221000389+221000783+221000816+222000084+231000001+231000017+231000037+231000043+231000103+231000149+231000159+231000178+231000184+231000185+231000208+231000323+231000401+231000403+231000419+231000449+231000566+231000647+231000929+231001132+231001155+231001262+231001617+231001666+231002047,33,14:00-16:00,39
greedy,2025-06-04,Wednesday,MATH203,122,normal,1,33,1,16,scheduled,231002013+241000227+241000271+241000300+241000351+241000355+241000407+241000437+241000533+241000562+241000659+241000686+241000691+241000708+241000750+241000758+241000882+241000985+241001036+241001088+241001108+241001112+241001618+241001731+241001738+241001800+241001837+241001842+241001866+241001878+241001978+241002015+241002102,33,08:00-10:00,155
greedy,2025-06-04,Wednesday,ECEN428,9,normal,7,33,7,16,scheduled,1710382+1710653+202000185+202002250+202002627+202002745+211000088+211000299+211001073+211001723+221000082+221000134+221000161+221000204+221000205+221000217+221000280+221000297+221000442+221000587+221000637+221000694+221000754+221000756+221000976+221001021+221001263+221001326+221001335+221001411+221001456+221001483+221001502,33,08:00-10:00,42
greedy,2025-06-04,Wednesday,ECE241,116,normal,8,33,8,16,scheduled,202002095+211000230+221001150+221002239+231000441+231000493+231001183+231002436+241000070+241000074+241000253+241000388+241000400+241000446+241000514+241000589+241000601+241000822+241000894+241000974+241001122+241001127+241001128+241001132+241001225+241001241+241001269+241001272+241001291+241001390+241001597+241001642+241001700,33,08:00-10:00,149
greedy,2025-06-04,Wednesday,CSCI415,24,normal,1,33,1,17,scheduled,18102135+19100006+202001624+202002544+211000018+211000096+211000308+211000837+211001634+211001922+211001937+211002025+221000212+221000268+221000351+221000600+221000610+221000750+221000774+221000898+221000968+221001001+221001026+221001207+221001253+221001284+221001405+221001435+221001602+221001616+221001621+221001690+221001706,33,10:00-12:00,57
greedy,2025-06-04,Wednesday,CSCI482,88,normal,1,33,1,18,scheduled,19100361+211000912+211001941+221000003+221000008+221000010+221000062+221000068+221000093+221000295+221000322+221000347+221000415+221000508+221000610+221000635+221000674+221000716+221000738+221000739+221000776+221000793+221000806+221000807+221000837+221000902+221000919+221000923+221000998+221001024+221001073+221001221+221001253,33,12:00-14:00,121
